ID,lat,lng,passengers,timestamp
1,30.65447,104.121588,0,2014/8/3 06:00:53
1,30.65447,104.121588,0,2014/8/3 06:01:53
1,30.65447,104.121588,0,2014/8/3 06:02:54
1,30.65447,104.121588,0,2014/8/3 06:03:54
1,30.65447,104.121588,0,2014/8/3 06:04:54
1,30.65447,104.121588,0,2014/8/3 06:05:55
1,30.65447,104.121588,0,2014/8/3 06:06:55
1,30.65447,104.121588,0,2014/8/3 06:07:55
1,30.65447,104.121588,0,2014/8/3 06:08:55
1,30.65447,104.121588,0,2014/8/3 06:09:56
1,30.65447,104.121588,0,2014/8/3 06:10:57
1,30.65447,104.121588,0,2014/8/3 06:11:57
1,30.65447,104.121588,0,2014/8/3 06:12:58
1,30.65447,104.121588,0,2014/8/3 06:13:58
1,30.65447,104.121588,0,2014/8/3 06:14:58
1,30.65447,104.121588,0,2014/8/3 06:15:58
1,30.65447,104.121588,0,2014/8/3 06:16:59
1,30.65447,104.121588,0,2014/8/3 06:17:59
1,30.65447,104.121588,0,2014/8/3 06:18:59
1,30.65447,104.121588,0,2014/8/3 06:20:00
1,30.65447,104.121588,0,2014/8/3 06:21:00
1,30.65447,104.121588,0,2014/8/3 06:22:00
1,30.65447,104.121588,0,2014/8/3 06:23:00
1,30.65447,104.121588,0,2014/8/3 06:24:01
1,30.65447,104.121588,0,2014/8/3 06:25:01
1,30.65447,104.121588,0,2014/8/3 06:26:01
1,30.65447,104.121588,0,2014/8/3 06:27:02
1,30.65447,104.121588,0,2014/8/3 06:28:02
1,30.65447,104.121588,0,2014/8/3 06:29:02
1,30.65447,104.121588,0,2014/8/3 06:30:02
1,30.65447,104.121588,0,2014/8/3 06:31:02
1,30.65447,104.121588,0,2014/8/3 06:32:03
1,30.65447,104.121588,0,2014/8/3 06:33:03
1,30.65447,104.121588,0,2014/8/3 06:34:03
1,30.65447,104.121588,0,2014/8/3 06:35:04
1,30.65447,104.121588,0,2014/8/3 06:36:04
1,30.65447,104.121588,0,2014/8/3 06:37:04
1,30.65447,104.121588,0,2014/8/3 06:38:05
1,30.65447,104.121588,0,2014/8/3 06:39:05
1,30.65447,104.121588,0,2014/8/3 06:40:06
1,30.65447,104.121588,0,2014/8/3 06:41:06
1,30.65447,104.121588,0,2014/8/3 06:42:07
1,30.65447,104.121588,0,2014/8/3 06:43:07
1,30.65447,104.121588,0,2014/8/3 06:44:07
1,30.65447,104.121588,0,2014/8/3 06:45:07
1,30.65447,104.121588,0,2014/8/3 06:46:08
1,30.65447,104.121588,0,2014/8/3 06:47:08
1,30.65447,104.121588,0,2014/8/3 06:48:08
1,30.65447,104.121588,0,2014/8/3 06:49:09
1,30.65447,104.121588,0,2014/8/3 06:50:09
1,30.65447,104.121588,0,2014/8/3 06:51:09
1,30.65447,104.121588,0,2014/8/3 06:52:11
1,30.65447,104.121588,0,2014/8/3 06:53:11
1,30.65447,104.121588,0,2014/8/3 06:54:11
1,30.65447,104.121588,0,2014/8/3 06:55:11
1,30.65447,104.121588,0,2014/8/3 06:56:11
1,30.65447,104.121588,0,2014/8/3 06:57:12
1,30.65447,104.121588,0,2014/8/3 06:58:12
1,30.65447,104.121588,0,2014/8/3 06:59:13
1,30.65447,104.121588,0,2014/8/3 07:00:13
1,30.65471,104.121472,0,2014/8/3 07:05:10
1,30.654757,104.12148,0,2014/8/3 07:05:41
1,30.654704,104.121477,0,2014/8/3 07:06:12
1,30.654712,104.121495,0,2014/8/3 07:06:42
1,30.654679,104.121506,0,2014/8/3 07:07:13
1,30.65464,104.121593,0,2014/8/3 07:07:44
1,30.65465,104.121562,0,2014/8/3 07:08:14
1,30.65465,104.121553,0,2014/8/3 07:08:45
1,30.654634,104.121515,0,2014/8/3 07:09:16
1,30.65466,104.121353,0,2014/8/3 07:09:47
1,30.654673,104.121396,0,2014/8/3 07:10:17
1,30.654715,104.121395,0,2014/8/3 07:10:48
1,30.654667,104.121423,0,2014/8/3 07:11:19
1,30.654653,104.121438,0,2014/8/3 07:11:49
1,30.654617,104.12145,0,2014/8/3 07:12:20
1,30.654659,104.121416,0,2014/8/3 07:12:51
1,30.65466,104.121363,0,2014/8/3 07:13:21
1,30.654647,104.121348,0,2014/8/3 07:13:51
1,30.654645,104.121352,0,2014/8/3 07:14:22
1,30.654644,104.121355,0,2014/8/3 07:14:52
1,30.654628,104.121383,0,2014/8/3 07:15:23
1,30.654634,104.121387,0,2014/8/3 07:15:54
1,30.654602,104.121482,0,2014/8/3 07:16:25
1,30.654602,104.121528,0,2014/8/3 07:16:55
1,30.654529,104.121622,0,2014/8/3 07:17:26
1,30.654585,104.121565,0,2014/8/3 07:17:56
1,30.654609,104.121541,0,2014/8/3 07:18:27
1,30.654615,104.121535,0,2014/8/3 07:18:58
1,30.65462,104.12153,0,2014/8/3 07:19:29
1,30.654647,104.121508,0,2014/8/3 07:19:59
1,30.654682,104.121483,0,2014/8/3 07:20:30
1,30.654695,104.121477,0,2014/8/3 07:21:01
1,30.654695,104.121462,0,2014/8/3 07:21:31
1,30.654775,104.121353,0,2014/8/3 07:22:02
1,30.654632,104.121563,0,2014/8/3 07:22:33
1,30.65454,104.12171,0,2014/8/3 07:23:03
1,30.654575,104.121705,0,2014/8/3 07:23:34
1,30.654615,104.121657,0,2014/8/3 07:24:04
1,30.654597,104.121618,0,2014/8/3 07:24:35
1,30.654582,104.121623,0,2014/8/3 07:25:06
1,30.654604,104.121622,0,2014/8/3 07:25:36
1,30.654604,104.121622,0,2014/8/3 07:26:07
1,30.654632,104.121546,0,2014/8/3 07:26:38
1,30.654619,104.121565,0,2014/8/3 07:27:09
1,30.654604,104.121603,0,2014/8/3 07:27:39
1,30.65472,104.121645,0,2014/8/3 07:28:10
1,30.654718,104.121658,0,2014/8/3 07:28:40
1,30.654609,104.121598,0,2014/8/3 07:29:11
1,30.65457,104.121582,0,2014/8/3 07:29:42
1,30.654592,104.121548,0,2014/8/3 07:30:12
1,30.654632,104.121445,0,2014/8/3 07:30:43
1,30.654628,104.121363,0,2014/8/3 07:31:14
1,30.654605,104.12143,0,2014/8/3 07:31:44
1,30.654605,104.121448,0,2014/8/3 07:32:15
1,30.654612,104.12143,0,2014/8/3 07:32:46
1,30.654617,104.121416,0,2014/8/3 07:33:16
1,30.65462,104.121412,0,2014/8/3 07:33:47
1,30.654572,104.121528,0,2014/8/3 07:34:18
1,30.65454,104.121617,0,2014/8/3 07:34:48
1,30.654537,104.121628,0,2014/8/3 07:35:19
1,30.654552,104.121627,0,2014/8/3 07:35:50
1,30.654575,104.12162,0,2014/8/3 07:36:20
1,30.654694,104.121495,0,2014/8/3 07:36:51
1,30.654765,104.121421,0,2014/8/3 07:37:22
1,30.654742,104.121366,0,2014/8/3 07:37:52
1,30.654704,104.121398,0,2014/8/3 07:38:23
1,30.654619,104.121425,0,2014/8/3 07:38:54
1,30.654602,104.121387,0,2014/8/3 07:39:24
1,30.654575,104.121395,0,2014/8/3 07:39:55
1,30.6546,104.121437,0,2014/8/3 07:40:26
1,30.654605,104.12144,0,2014/8/3 07:40:56
1,30.654597,104.12147,0,2014/8/3 07:41:27
1,30.654604,104.121537,0,2014/8/3 07:41:58
1,30.654557,104.121605,0,2014/8/3 07:42:28
1,30.654532,104.121643,0,2014/8/3 07:42:59
1,30.654457,104.121533,0,2014/8/3 07:43:30
1,30.654437,104.121463,0,2014/8/3 07:44:00
1,30.654493,104.121493,0,2014/8/3 07:44:31
1,30.654555,104.121435,0,2014/8/3 07:45:01
1,30.654489,104.121513,0,2014/8/3 07:45:32
1,30.654472,104.121515,0,2014/8/3 07:46:03
1,30.654454,104.12153,0,2014/8/3 07:46:34
1,30.654472,104.121615,0,2014/8/3 07:47:04
1,30.654474,104.121662,0,2014/8/3 07:47:35
1,30.654487,104.121698,0,2014/8/3 07:48:06
1,30.654489,104.1217,0,2014/8/3 07:48:36
1,30.654492,104.121707,0,2014/8/3 07:49:07
1,30.654493,104.121707,0,2014/8/3 07:49:38
1,30.654547,104.121638,0,2014/8/3 07:50:09
1,30.65461,104.121576,0,2014/8/3 07:50:39
1,30.65458,104.121703,0,2014/8/3 07:51:10
1,30.654469,104.12176,0,2014/8/3 07:51:41
1,30.654445,104.121783,0,2014/8/3 07:52:11
1,30.654432,104.121803,0,2014/8/3 07:52:42
1,30.654429,104.121802,0,2014/8/3 07:53:13
1,30.65442,104.121823,0,2014/8/3 07:53:43
1,30.654417,104.121773,0,2014/8/3 07:54:14
1,30.654454,104.121662,0,2014/8/3 07:54:45
1,30.654497,104.12147,0,2014/8/3 07:55:16
1,30.654459,104.121605,0,2014/8/3 07:55:46
1,30.654499,104.12167,0,2014/8/3 07:56:17
1,30.654499,104.121673,0,2014/8/3 07:56:48
1,30.654499,104.121678,0,2014/8/3 07:57:18
1,30.654497,104.121683,0,2014/8/3 07:57:49
1,30.654469,104.121702,0,2014/8/3 07:58:20
1,30.654417,104.121715,0,2014/8/3 07:58:50
1,30.654415,104.121762,0,2014/8/3 07:59:21
1,30.654499,104.121765,0,2014/8/3 07:59:51
1,30.654482,104.12176,0,2014/8/3 08:00:22
1,30.654345,104.121917,0,2014/8/3 08:00:52
1,30.654332,104.122103,0,2014/8/3 08:01:23
1,30.654328,104.122057,0,2014/8/3 08:01:54
1,30.654282,104.121936,0,2014/8/3 08:02:24
1,30.654247,104.121906,0,2014/8/3 08:02:55
1,30.654247,104.121906,0,2014/8/3 08:03:25
1,30.654322,104.122043,0,2014/8/3 08:03:56
1,30.654334,104.121947,0,2014/8/3 08:04:26
1,30.654345,104.12192,0,2014/8/3 08:04:57
1,30.654402,104.121917,0,2014/8/3 08:05:28
1,30.654567,104.121985,0,2014/8/3 08:05:58
1,30.654495,104.121973,0,2014/8/3 08:06:29
1,30.654504,104.121865,0,2014/8/3 08:06:59
1,30.654527,104.12178,0,2014/8/3 08:07:30
1,30.654595,104.121862,0,2014/8/3 08:08:00
1,30.654599,104.121823,0,2014/8/3 08:08:31
1,30.654634,104.121805,0,2014/8/3 08:09:01
1,30.654609,104.121848,0,2014/8/3 08:09:32
1,30.654587,104.12177,0,2014/8/3 08:10:02
1,30.654448,104.12183,0,2014/8/3 08:10:33
1,30.654467,104.1219,0,2014/8/3 08:11:03
1,30.654512,104.12189,0,2014/8/3 08:11:34
1,30.654565,104.121977,0,2014/8/3 08:12:04
1,30.65465,104.121875,0,2014/8/3 08:12:35
1,30.6546,104.12179,0,2014/8/3 08:13:05
1,30.654625,104.12177,0,2014/8/3 08:13:36
1,30.654599,104.121783,0,2014/8/3 08:14:06
1,30.654538,104.121758,0,2014/8/3 08:14:37
1,30.65456,104.121756,0,2014/8/3 08:15:08
1,30.654538,104.121805,0,2014/8/3 08:15:38
1,30.654529,104.121845,0,2014/8/3 08:16:09
1,30.654605,104.121808,0,2014/8/3 08:16:39
1,30.65464,104.121792,0,2014/8/3 08:17:10
1,30.654575,104.12185,0,2014/8/3 08:17:41
1,30.654419,104.12196,0,2014/8/3 08:18:11
1,30.654367,104.121953,0,2014/8/3 08:18:42
1,30.654464,104.121863,0,2014/8/3 08:19:13
1,30.654509,104.121756,0,2014/8/3 08:19:43
1,30.65449,104.121755,0,2014/8/3 08:20:14
1,30.654493,104.121775,0,2014/8/3 08:20:44
1,30.654505,104.121732,0,2014/8/3 08:21:15
1,30.654497,104.12179,0,2014/8/3 08:21:46
1,30.654517,104.12182,0,2014/8/3 08:22:16
1,30.654562,104.1218,0,2014/8/3 08:22:47
1,30.654673,104.121675,0,2014/8/3 08:23:18
1,30.654595,104.121752,0,2014/8/3 08:23:48
1,30.654555,104.121793,0,2014/8/3 08:24:19
1,30.654577,104.12176,0,2014/8/3 08:24:50
1,30.654415,104.121967,0,2014/8/3 08:25:23
1,30.654373,104.121897,0,2014/8/3 08:25:54
1,30.654309,104.121908,0,2014/8/3 08:26:25
1,30.654429,104.121938,0,2014/8/3 08:26:55
1,30.654422,104.121956,0,2014/8/3 08:27:26
1,30.6545,104.12202,0,2014/8/3 08:27:56
1,30.654567,104.122095,0,2014/8/3 08:28:27
1,30.654594,104.121923,0,2014/8/3 08:29:29
1,30.6547,104.121892,0,2014/8/3 08:29:59
1,30.654599,104.121805,0,2014/8/3 08:30:30
1,30.65461,104.121805,0,2014/8/3 08:31:01
1,30.654628,104.121797,0,2014/8/3 08:31:31
1,30.654574,104.12181,0,2014/8/3 08:32:02
1,30.654698,104.121636,0,2014/8/3 08:32:33
1,30.654653,104.121693,0,2014/8/3 08:33:03
1,30.654622,104.121795,0,2014/8/3 08:33:34
1,30.65455,104.121846,0,2014/8/3 08:34:04
1,30.654559,104.121807,0,2014/8/3 08:34:35
1,30.654555,104.121852,0,2014/8/3 08:35:06
1,30.654522,104.121905,0,2014/8/3 08:35:36
1,30.654762,104.12203,0,2014/8/3 08:36:07
1,30.655017,104.12237,0,2014/8/3 08:36:38
1,30.655264,104.122777,0,2014/8/3 08:37:08
1,30.655226,104.123165,0,2014/8/3 08:37:19
1,30.654544,104.123575,0,2014/8/3 08:37:41
1,30.654052,104.12377,0,2014/8/3 08:38:11
1,30.654077,104.123775,0,2014/8/3 08:38:42
1,30.65409,104.123791,0,2014/8/3 08:39:13
1,30.65409,104.123788,0,2014/8/3 08:39:43
1,30.65409,104.123791,0,2014/8/3 08:40:14
1,30.654092,104.123798,0,2014/8/3 08:40:44
1,30.654058,104.123768,0,2014/8/3 08:41:15
1,30.654075,104.123773,0,2014/8/3 08:41:45
1,30.654082,104.123787,0,2014/8/3 08:42:16
1,30.654087,104.1238,0,2014/8/3 08:42:46
1,30.654094,104.123817,0,2014/8/3 08:43:17
1,30.6541,104.12383,0,2014/8/3 08:43:47
1,30.654102,104.123832,0,2014/8/3 08:44:18
1,30.654102,104.123832,0,2014/8/3 08:44:48
1,30.654102,104.123833,0,2014/8/3 08:45:19
1,30.654105,104.123838,0,2014/8/3 08:45:50
1,30.654105,104.123837,0,2014/8/3 08:46:20
1,30.654109,104.123843,0,2014/8/3 08:46:51
1,30.654109,104.123843,0,2014/8/3 08:47:21
1,30.654114,104.123848,0,2014/8/3 08:47:52
1,30.65412,104.123862,0,2014/8/3 08:48:23
1,30.654092,104.123875,0,2014/8/3 08:48:53
1,30.652133,104.123943,0,2014/8/3 08:49:24
1,30.650953,104.125326,0,2014/8/3 08:50:05
1,30.651211,104.125324,0,2014/8/3 08:50:09
1,30.65145,104.125209,0,2014/8/3 08:50:39
1,30.651428,104.125111,0,2014/8/3 08:51:10
1,30.651446,104.125186,0,2014/8/3 08:51:41
1,30.651435,104.125144,0,2014/8/3 08:52:11
1,30.651441,104.125168,0,2014/8/3 08:52:41
1,30.651433,104.125206,0,2014/8/3 08:53:12
1,30.651436,104.125204,0,2014/8/3 08:53:43
1,30.65145,104.125204,0,2014/8/3 08:54:13
1,30.651448,104.125206,0,2014/8/3 08:54:44
1,30.65145,104.125206,0,2014/8/3 08:55:14
1,30.651448,104.125206,0,2014/8/3 08:55:45
1,30.651448,104.125209,0,2014/8/3 08:56:16
1,30.651446,104.125206,0,2014/8/3 08:56:46
1,30.651445,104.125208,0,2014/8/3 08:57:16
1,30.651438,104.125206,0,2014/8/3 08:57:47
1,30.651428,104.125217,0,2014/8/3 08:58:18
1,30.651424,104.125213,0,2014/8/3 08:58:48
1,30.651456,104.125151,0,2014/8/3 08:59:19
1,30.651353,104.125154,0,2014/8/3 08:59:38
1,30.651301,104.125011,0,2014/8/3 09:00:09
1,30.65132,104.125033,0,2014/8/3 09:00:39
1,30.651361,104.125021,0,2014/8/3 09:01:10
1,30.65136,104.124991,0,2014/8/3 09:01:40
1,30.65136,104.124993,0,2014/8/3 09:02:10
1,30.651361,104.125002,0,2014/8/3 09:02:41
1,30.651398,104.124974,0,2014/8/3 09:03:11
1,30.6514,104.124981,0,2014/8/3 09:03:42
1,30.65114,104.124976,0,2014/8/3 09:04:13
1,30.650876,104.125161,0,2014/8/3 09:04:34
1,30.650713,104.12608,0,2014/8/3 09:05:05
1,30.650695,104.126109,0,2014/8/3 09:05:35
1,30.650695,104.126114,0,2014/8/3 09:06:06
1,30.650694,104.126117,0,2014/8/3 09:06:36
1,30.650694,104.126121,0,2014/8/3 09:07:07
1,30.650695,104.126124,0,2014/8/3 09:07:38
1,30.65069,104.126126,0,2014/8/3 09:08:08
1,30.650689,104.126127,0,2014/8/3 09:08:39
1,30.650685,104.126129,0,2014/8/3 09:09:10
1,30.650682,104.126127,0,2014/8/3 09:09:40
1,30.65068,104.126129,0,2014/8/3 09:10:11
1,30.650668,104.126134,0,2014/8/3 09:10:41
1,30.650665,104.126099,0,2014/8/3 09:11:12
1,30.650667,104.126102,0,2014/8/3 09:11:42
1,30.65067,104.126107,0,2014/8/3 09:12:13
1,30.650667,104.126111,0,2014/8/3 09:12:44
1,30.650665,104.126131,0,2014/8/3 09:13:14
1,30.650627,104.126119,0,2014/8/3 09:13:45
1,30.650637,104.126121,0,2014/8/3 09:14:16
1,30.65064,104.126121,0,2014/8/3 09:14:46
1,30.650642,104.126122,0,2014/8/3 09:15:17
1,30.650644,104.126124,0,2014/8/3 09:15:48
1,30.650642,104.126126,0,2014/8/3 09:16:18
1,30.650639,104.126129,0,2014/8/3 09:16:49
1,30.65064,104.126132,0,2014/8/3 09:17:19
1,30.650639,104.126134,0,2014/8/3 09:17:50
1,30.650639,104.126134,0,2014/8/3 09:18:20
1,30.650637,104.126134,0,2014/8/3 09:18:51
1,30.650634,104.126132,0,2014/8/3 09:19:21
1,30.650632,104.126132,0,2014/8/3 09:19:52
1,30.650542,104.126265,1,2014/8/3 09:20:22
1,30.65055,104.126311,1,2014/8/3 09:20:23
1,30.65079,104.126469,1,2014/8/3 09:20:28
1,30.651007,104.126477,1,2014/8/3 09:20:31
1,30.65124,104.126477,1,2014/8/3 09:20:34
1,30.654565,104.12665,1,2014/8/3 09:21:04
1,30.655876,104.126703,1,2014/8/3 09:21:16
1,30.657559,104.1259,1,2014/8/3 09:22:17
1,30.65773,104.125672,1,2014/8/3 09:22:34
1,30.657672,104.125327,1,2014/8/3 09:22:38
1,30.654943,104.118974,1,2014/8/3 09:23:39
1,30.654429,104.117814,1,2014/8/3 09:24:09
1,30.654178,104.117201,1,2014/8/3 09:24:40
1,30.653293,104.115779,1,2014/8/3 09:25:11
1,30.6533,104.115716,1,2014/8/3 09:25:41
1,30.65316,104.115532,1,2014/8/3 09:26:11
1,30.65302,104.115232,1,2014/8/3 09:26:37
1,30.65332,104.115271,1,2014/8/3 09:26:40
1,30.653677,104.115281,1,2014/8/3 09:26:43
1,30.655638,104.115285,1,2014/8/3 09:27:04
1,30.655733,104.115281,1,2014/8/3 09:27:05
1,30.655921,104.115273,1,2014/8/3 09:27:07
1,30.656019,104.115268,1,2014/8/3 09:27:08
1,30.656112,104.115263,1,2014/8/3 09:27:09
1,30.656211,104.115261,1,2014/8/3 09:27:10
1,30.656309,104.11526,1,2014/8/3 09:27:11
1,30.657759,104.115162,1,2014/8/3 09:27:22
1,30.663807,104.113243,1,2014/8/3 09:27:58
1,30.669207,104.111091,1,2014/8/3 09:28:29
1,30.674459,104.108974,1,2014/8/3 09:29:00
1,30.679129,104.10647,1,2014/8/3 09:29:30
1,30.682531,104.104617,1,2014/8/3 09:30:01
1,30.684063,104.104049,1,2014/8/3 09:30:24
1,30.684521,104.105722,1,2014/8/3 09:30:53
1,30.684233,104.105753,1,2014/8/3 09:30:56
1,30.682623,104.106404,1,2014/8/3 09:31:26
1,30.682686,104.106485,1,2014/8/3 09:31:28
1,30.683123,104.108069,1,2014/8/3 09:31:59
1,30.683239,104.109376,1,2014/8/3 09:32:29
1,30.682652,104.10971,1,2014/8/3 09:32:42
1,30.681559,104.108598,1,2014/8/3 09:33:11
1,30.681231,104.107888,1,2014/8/3 09:33:41
1,30.681216,104.107883,1,2014/8/3 09:34:12
1,30.681213,104.107895,1,2014/8/3 09:34:43
1,30.681214,104.107873,1,2014/8/3 09:35:13
1,30.681214,104.107874,1,2014/8/3 09:35:44
1,30.681198,104.107905,1,2014/8/3 09:36:14
1,30.681194,104.10792,1,2014/8/3 09:36:45
1,30.681213,104.107896,1,2014/8/3 09:37:16
1,30.680898,104.107116,1,2014/8/3 09:37:46
1,30.680486,104.105618,1,2014/8/3 09:38:17
1,30.680683,104.105558,1,2014/8/3 09:38:19
1,30.684153,104.104405,1,2014/8/3 09:38:50
1,30.685785,104.102811,1,2014/8/3 09:39:20
1,30.68565,104.102488,1,2014/8/3 09:39:25
1,30.685155,104.102532,1,2014/8/3 09:39:39
1,30.682604,104.103725,1,2014/8/3 09:40:09
1,30.680369,104.105313,1,2014/8/3 09:40:40
1,30.676926,104.107474,1,2014/8/3 09:41:11
1,30.673426,104.109099,1,2014/8/3 09:41:41
1,30.671047,104.109763,1,2014/8/3 09:42:12
1,30.671019,104.109687,1,2014/8/3 09:42:14
1,30.670476,104.107831,1,2014/8/3 09:42:45
1,30.670066,104.106711,1,2014/8/3 09:43:06
1,30.670219,104.107351,1,2014/8/3 09:43:15
1,30.670371,104.107791,1,2014/8/3 09:43:45
1,30.670348,104.107903,1,2014/8/3 09:44:16
1,30.670417,104.107926,1,2014/8/3 09:44:46
1,30.670411,104.107906,1,2014/8/3 09:45:17
1,30.670454,104.107853,1,2014/8/3 09:45:48
1,30.670456,104.107893,1,2014/8/3 09:46:19
1,30.670461,104.1079,1,2014/8/3 09:46:49
1,30.670734,104.108536,0,2014/8/3 09:47:20
1,30.670981,104.109529,1,2014/8/3 09:47:51
1,30.670947,104.109679,1,2014/8/3 09:48:21
1,30.670889,104.109671,1,2014/8/3 09:48:52
1,30.672296,104.110799,1,2014/8/3 09:49:22
1,30.673707,104.109816,1,2014/8/3 09:49:31
1,30.675374,104.109541,1,2014/8/3 09:50:01
1,30.675315,104.109376,1,2014/8/3 09:50:32
1,30.675372,104.109213,1,2014/8/3 09:51:03
1,30.676205,104.109121,1,2014/8/3 09:51:24
1,30.679413,104.106539,1,2014/8/3 09:51:54
1,30.680333,104.106024,1,2014/8/3 09:52:25
1,30.680264,104.105795,1,2014/8/3 09:52:52
1,30.680064,104.105608,1,2014/8/3 09:52:54
1,30.679142,104.102062,1,2014/8/3 09:53:24
1,30.680456,104.100241,1,2014/8/3 09:53:53
1,30.680516,104.100271,1,2014/8/3 09:53:54
1,30.681699,104.101125,0,2014/8/3 09:54:25
1,30.682117,104.101446,0,2014/8/3 09:54:56
1,30.682347,104.101629,0,2014/8/3 09:55:26
1,30.682356,104.101607,0,2014/8/3 09:55:56
1,30.682372,104.101614,0,2014/8/3 09:56:27
1,30.682564,104.101678,0,2014/8/3 09:56:34
1,30.682789,104.101474,0,2014/8/3 09:56:43
1,30.683118,104.101011,0,2014/8/3 09:57:13
1,30.683173,104.100951,0,2014/8/3 09:57:44
1,30.683245,104.100936,0,2014/8/3 09:58:14
1,30.683251,104.100934,0,2014/8/3 09:58:45
1,30.683258,104.100979,0,2014/8/3 09:59:15
1,30.683256,104.101001,0,2014/8/3 09:59:46
1,30.683264,104.100986,0,2014/8/3 10:00:16
1,30.683248,104.100939,0,2014/8/3 10:00:47
1,30.683174,104.100936,0,2014/8/3 10:01:17
1,30.683174,104.100966,0,2014/8/3 10:01:48
1,30.683228,104.100956,0,2014/8/3 10:02:19
1,30.68323,104.100951,0,2014/8/3 10:02:49
1,30.68323,104.100958,0,2014/8/3 10:03:20
1,30.68323,104.100972,0,2014/8/3 10:03:50
1,30.683264,104.100999,0,2014/8/3 10:04:21
1,30.6833,104.100996,0,2014/8/3 10:04:51
1,30.683271,104.101013,0,2014/8/3 10:05:22
1,30.683245,104.100991,0,2014/8/3 10:05:53
1,30.683266,104.101009,0,2014/8/3 10:06:23
1,30.683279,104.101049,0,2014/8/3 10:06:54
1,30.683261,104.101041,0,2014/8/3 10:07:24
1,30.683256,104.101041,0,2014/8/3 10:07:55
1,30.683271,104.101039,0,2014/8/3 10:08:25
1,30.683288,104.101013,0,2014/8/3 10:08:56
1,30.683298,104.101031,0,2014/8/3 10:09:26
1,30.683476,104.100746,0,2014/8/3 10:09:57
1,30.683655,104.100514,1,2014/8/3 10:10:19
1,30.68368,104.100539,1,2014/8/3 10:10:20
1,30.684993,104.102706,1,2014/8/3 10:10:54
1,30.682847,104.103743,1,2014/8/3 10:11:25
1,30.682158,104.104071,1,2014/8/3 10:11:55
1,30.680321,104.105386,1,2014/8/3 10:12:26
1,30.677543,104.107107,1,2014/8/3 10:12:56
1,30.674399,104.108688,1,2014/8/3 10:13:27
1,30.671176,104.109799,1,2014/8/3 10:13:58
1,30.670624,104.109144,1,2014/8/3 10:14:15
1,30.670349,104.107251,1,2014/8/3 10:14:46
1,30.670073,104.106725,1,2014/8/3 10:15:02
1,30.670089,104.106788,1,2014/8/3 10:15:03
1,30.670294,104.107675,1,2014/8/3 10:15:34
1,30.670339,104.107914,1,2014/8/3 10:16:04
1,30.670359,104.107911,1,2014/8/3 10:16:35
1,30.670369,104.107903,1,2014/8/3 10:17:06
1,30.670394,104.107896,1,2014/8/3 10:17:36
1,30.670402,104.107898,1,2014/8/3 10:18:07
1,30.670436,104.107885,1,2014/8/3 10:18:38
1,30.670391,104.107885,1,2014/8/3 10:19:09
1,30.670537,104.10811,1,2014/8/3 10:19:39
1,30.670584,104.10812,1,2014/8/3 10:20:10
1,30.670589,104.10811,1,2014/8/3 10:20:41
1,30.670659,104.108055,1,2014/8/3 10:21:11
1,30.670609,104.108046,1,2014/8/3 10:21:42
1,30.670603,104.108116,1,2014/8/3 10:22:13
1,30.670738,104.108098,1,2014/8/3 10:22:43
1,30.670721,104.108028,1,2014/8/3 10:23:14
1,30.670753,104.107996,1,2014/8/3 10:23:45
1,30.670739,104.108058,1,2014/8/3 10:24:15
1,30.670751,104.108066,1,2014/8/3 10:24:46
1,30.670769,104.108075,1,2014/8/3 10:25:16
1,30.670719,104.107965,1,2014/8/3 10:25:51
1,30.670686,104.107695,1,2014/8/3 10:26:21
1,30.670799,104.107775,1,2014/8/3 10:26:51
1,30.670822,104.107879,1,2014/8/3 10:27:22
1,30.670826,104.107931,1,2014/8/3 10:27:53
1,30.670726,104.107713,1,2014/8/3 10:28:23
1,30.670882,104.107833,1,2014/8/3 10:28:54
1,30.670994,104.107966,1,2014/8/3 10:29:25
1,30.671013,104.107926,1,2014/8/3 10:29:55
1,30.671014,104.107916,1,2014/8/3 10:30:26
1,30.671029,104.10793,1,2014/8/3 10:30:57
1,30.670916,104.107965,1,2014/8/3 10:31:27
1,30.670971,104.107966,1,2014/8/3 10:31:58
1,30.670948,104.107918,1,2014/8/3 10:32:29
1,30.670908,104.107783,1,2014/8/3 10:33:00
1,30.670942,104.107886,1,2014/8/3 10:33:30
1,30.670914,104.107921,1,2014/8/3 10:34:01
1,30.670826,104.107836,1,2014/8/3 10:34:31
1,30.670844,104.107845,1,2014/8/3 10:35:02
1,30.670818,104.107948,1,2014/8/3 10:35:33
1,30.670811,104.10796,1,2014/8/3 10:36:04
1,30.670811,104.107948,1,2014/8/3 10:36:34
1,30.670811,104.107965,1,2014/8/3 10:37:05
1,30.670792,104.107996,1,2014/8/3 10:37:36
1,30.670789,104.107969,1,2014/8/3 10:38:06
1,30.670844,104.108006,1,2014/8/3 10:38:37
1,30.670858,104.108051,1,2014/8/3 10:39:08
1,30.670834,104.10803,1,2014/8/3 10:39:38
1,30.670749,104.107963,1,2014/8/3 10:40:09
1,30.670754,104.107949,1,2014/8/3 10:40:40
1,30.670747,104.107868,1,2014/8/3 10:41:10
1,30.670749,104.107871,1,2014/8/3 10:41:41
1,30.670746,104.107933,1,2014/8/3 10:42:11
1,30.670843,104.108015,1,2014/8/3 10:42:43
1,30.670803,104.107945,1,2014/8/3 10:43:13
1,30.670784,104.107973,1,2014/8/3 10:43:44
1,30.670781,104.107971,1,2014/8/3 10:44:15
1,30.670776,104.107965,1,2014/8/3 10:44:45
1,30.670777,104.107965,1,2014/8/3 10:45:16
1,30.670774,104.107963,1,2014/8/3 10:45:46
1,30.670739,104.107971,1,2014/8/3 10:46:17
1,30.670743,104.108009,1,2014/8/3 10:46:48
1,30.670767,104.108031,1,2014/8/3 10:47:19
1,30.670654,104.10802,1,2014/8/3 10:47:49
1,30.670656,104.10802,1,2014/8/3 10:48:20
1,30.670657,104.10802,1,2014/8/3 10:48:50
1,30.670659,104.10802,1,2014/8/3 10:49:21
1,30.670653,104.108015,1,2014/8/3 10:49:52
1,30.670659,104.108021,1,2014/8/3 10:50:22
1,30.670649,104.108016,1,2014/8/3 10:50:53
1,30.670649,104.108016,1,2014/8/3 10:51:24
1,30.670651,104.108018,1,2014/8/3 10:51:54
1,30.670641,104.108031,1,2014/8/3 10:52:25
1,30.670649,104.108033,1,2014/8/3 10:52:56
1,30.670646,104.10803,1,2014/8/3 10:53:26
1,30.670626,104.108073,1,2014/8/3 10:53:57
1,30.670653,104.108098,1,2014/8/3 10:54:28
1,30.670646,104.108115,1,2014/8/3 10:54:58
1,30.670644,104.108115,1,2014/8/3 10:55:29
1,30.670644,104.108116,1,2014/8/3 10:56:00
1,30.670566,104.108113,1,2014/8/3 10:56:30
1,30.670579,104.108116,1,2014/8/3 10:57:01
1,30.670492,104.108136,1,2014/8/3 10:57:31
1,30.670494,104.108126,1,2014/8/3 10:58:02
1,30.670488,104.10811,1,2014/8/3 10:58:33
1,30.670594,104.10851,1,2014/8/3 10:59:04
1,30.670775,104.109176,1,2014/8/3 10:59:34
1,30.670702,104.109093,1,2014/8/3 11:00:05
1,30.671027,104.110089,1,2014/8/3 11:00:36
1,30.670802,104.110274,1,2014/8/3 11:00:44
1,30.669806,104.110214,1,2014/8/3 11:01:00
1,30.667976,104.111227,1,2014/8/3 11:01:31
1,30.666124,104.112052,1,2014/8/3 11:02:02
1,30.66384,104.112586,1,2014/8/3 11:02:33
1,30.663605,104.112636,1,2014/8/3 11:02:41
1,30.663407,104.112236,1,2014/8/3 11:03:11
1,30.663402,104.112234,1,2014/8/3 11:03:42
1,30.663398,104.112245,1,2014/8/3 11:04:13
1,30.663398,104.112248,1,2014/8/3 11:04:44
1,30.66339,104.112243,1,2014/8/3 11:05:14
1,30.663375,104.112223,1,2014/8/3 11:05:45
1,30.663372,104.11223,1,2014/8/3 11:06:16
1,30.663372,104.112231,1,2014/8/3 11:06:46
1,30.663365,104.112236,1,2014/8/3 11:07:17
1,30.663365,104.112233,1,2014/8/3 11:07:48
1,30.663365,104.112233,1,2014/8/3 11:08:18
1,30.663187,104.111752,1,2014/8/3 11:08:49
1,30.662764,104.111015,1,2014/8/3 11:09:20
1,30.662582,104.110967,1,2014/8/3 11:09:28
1,30.662115,104.110902,1,2014/8/3 11:09:58
1,30.662157,104.110888,1,2014/8/3 11:10:18
1,30.662167,104.110844,1,2014/8/3 11:10:48
1,30.662167,104.110844,1,2014/8/3 11:11:19
1,30.662167,104.110845,1,2014/8/3 11:11:50
1,30.662169,104.110845,1,2014/8/3 11:12:20
1,30.66217,104.110847,1,2014/8/3 11:12:51
1,30.66217,104.110847,1,2014/8/3 11:13:21
1,30.662172,104.110847,1,2014/8/3 11:13:52
1,30.662173,104.110845,1,2014/8/3 11:14:23
1,30.662175,104.110845,1,2014/8/3 11:14:54
1,30.662175,104.110845,1,2014/8/3 11:15:24
1,30.662177,104.110844,1,2014/8/3 11:15:55
1,30.662177,104.110842,1,2014/8/3 11:16:26
1,30.662177,104.110842,1,2014/8/3 11:16:56
1,30.662177,104.110842,1,2014/8/3 11:17:27
1,30.662173,104.11084,1,2014/8/3 11:17:58
1,30.662173,104.110842,1,2014/8/3 11:18:28
1,30.662173,104.110844,1,2014/8/3 11:18:59
1,30.662173,104.110847,1,2014/8/3 11:19:29
1,30.66213,104.110845,1,2014/8/3 11:19:47
1,30.659944,104.110811,1,2014/8/3 11:20:18
1,30.657655,104.110809,1,2014/8/3 11:20:48
1,30.657595,104.110812,1,2014/8/3 11:21:19
1,30.657267,104.110934,1,2014/8/3 11:21:50
1,30.657173,104.112527,1,2014/8/3 11:22:21
1,30.6572,104.11281,1,2014/8/3 11:22:28
1,30.6572,104.114202,1,2014/8/3 11:22:58
1,30.657019,104.114711,1,2014/8/3 11:23:21
1,30.655728,104.114805,1,2014/8/3 11:23:41
1,30.6539,104.114984,1,2014/8/3 11:24:12
1,30.652839,104.115021,1,2014/8/3 11:24:43
1,30.652825,104.115039,1,2014/8/3 11:25:13
1,30.65276,104.115111,1,2014/8/3 11:25:44
1,30.652745,104.115172,1,2014/8/3 11:26:14
1,30.652662,104.115317,1,2014/8/3 11:26:30
1,30.65277,104.115442,1,2014/8/3 11:26:33
1,30.65378,104.117109,1,2014/8/3 11:27:03
1,30.653875,104.117162,1,2014/8/3 11:27:34
1,30.654961,104.119323,1,2014/8/3 11:28:05
1,30.655777,104.121097,1,2014/8/3 11:28:35
1,30.656209,104.122145,1,2014/8/3 11:29:06
1,30.65637,104.122865,1,2014/8/3 11:29:16
1,30.656076,104.12302,1,2014/8/3 11:29:22
1,30.655391,104.123049,1,2014/8/3 11:29:37
1,30.654829,104.122072,1,2014/8/3 11:30:08
1,30.654722,104.12199,1,2014/8/3 11:30:38
1,30.65472,104.12199,1,2014/8/3 11:31:09
1,30.654705,104.121978,1,2014/8/3 11:31:40
1,30.654702,104.121978,1,2014/8/3 11:32:10
1,30.6547,104.121978,1,2014/8/3 11:32:41
1,30.654698,104.121978,1,2014/8/3 11:33:11
1,30.654697,104.12198,1,2014/8/3 11:33:42
1,30.654695,104.121978,1,2014/8/3 11:34:13
1,30.654694,104.12198,1,2014/8/3 11:34:44
1,30.654692,104.12198,1,2014/8/3 11:35:14
1,30.65469,104.12198,1,2014/8/3 11:35:45
1,30.65469,104.121982,1,2014/8/3 11:36:16
1,30.654683,104.12198,1,2014/8/3 11:36:46
1,30.654667,104.121952,1,2014/8/3 11:37:17
1,30.65466,104.121952,1,2014/8/3 11:37:48
1,30.65466,104.121952,1,2014/8/3 11:38:18
1,30.654675,104.121942,1,2014/8/3 11:38:49
1,30.654675,104.121942,1,2014/8/3 11:39:20
1,30.654673,104.121942,1,2014/8/3 11:39:50
1,30.654673,104.121943,1,2014/8/3 11:40:21
1,30.654672,104.121945,1,2014/8/3 11:40:51
1,30.654672,104.121945,1,2014/8/3 11:41:22
1,30.654672,104.121947,1,2014/8/3 11:41:53
1,30.654668,104.121965,1,2014/8/3 11:42:23
1,30.654668,104.121965,1,2014/8/3 11:42:54
1,30.654668,104.121965,1,2014/8/3 11:43:25
1,30.654667,104.121965,1,2014/8/3 11:43:55
1,30.654667,104.121963,1,2014/8/3 11:44:26
1,30.654668,104.121967,1,2014/8/3 11:44:56
1,30.654668,104.121968,1,2014/8/3 11:45:27
1,30.654668,104.12197,1,2014/8/3 11:45:58
1,30.654668,104.121968,1,2014/8/3 11:46:28
1,30.654668,104.121967,1,2014/8/3 11:46:59
1,30.654668,104.121967,1,2014/8/3 11:47:30
1,30.654667,104.121967,1,2014/8/3 11:48:00
1,30.654668,104.121967,1,2014/8/3 11:48:31
1,30.654668,104.121965,1,2014/8/3 11:49:01
1,30.654668,104.121963,1,2014/8/3 11:49:32
1,30.65467,104.121956,1,2014/8/3 11:50:03
1,30.654672,104.121956,1,2014/8/3 11:50:34
1,30.654672,104.121955,1,2014/8/3 11:51:04
1,30.654672,104.121953,1,2014/8/3 11:51:35
1,30.654672,104.121953,1,2014/8/3 11:52:06
1,30.654672,104.121953,1,2014/8/3 11:52:36
1,30.654672,104.121953,1,2014/8/3 11:53:07
1,30.654672,104.121953,1,2014/8/3 11:53:38
1,30.654682,104.121961,1,2014/8/3 11:54:08
1,30.654683,104.121961,1,2014/8/3 11:54:39
1,30.654683,104.121963,1,2014/8/3 11:55:10
1,30.65468,104.12196,1,2014/8/3 11:55:40
1,30.654683,104.121958,1,2014/8/3 11:56:11
1,30.654683,104.121955,1,2014/8/3 11:56:41
1,30.654679,104.121975,1,2014/8/3 11:57:12
1,30.654683,104.121983,1,2014/8/3 11:57:43
1,30.654683,104.12199,1,2014/8/3 11:58:13
1,30.654683,104.121991,1,2014/8/3 11:58:44
1,30.654659,104.122022,1,2014/8/3 11:59:15
1,30.654664,104.122045,1,2014/8/3 11:59:45
1,30.654672,104.122042,1,2014/8/3 12:00:16
1,30.654667,104.122028,1,2014/8/3 12:00:46
1,30.654667,104.122028,1,2014/8/3 12:01:17
1,30.654667,104.122026,1,2014/8/3 12:01:48
1,30.65467,104.122023,1,2014/8/3 12:02:19
1,30.65467,104.122023,1,2014/8/3 12:02:49
1,30.65467,104.122022,1,2014/8/3 12:03:20
1,30.654668,104.122012,1,2014/8/3 12:03:50
1,30.654675,104.122008,1,2014/8/3 12:04:21
1,30.654673,104.121996,1,2014/8/3 12:04:52
1,30.65469,104.121975,1,2014/8/3 12:05:22
1,30.654692,104.121973,1,2014/8/3 12:05:53
1,30.65469,104.121973,1,2014/8/3 12:06:23
1,30.654692,104.121973,1,2014/8/3 12:06:54
1,30.654694,104.12198,1,2014/8/3 12:07:25
1,30.654694,104.121978,1,2014/8/3 12:07:55
1,30.65469,104.121983,1,2014/8/3 12:08:26
1,30.654689,104.121982,1,2014/8/3 12:08:56
1,30.654689,104.121982,1,2014/8/3 12:09:27
1,30.654698,104.121987,1,2014/8/3 12:09:58
1,30.654698,104.121987,1,2014/8/3 12:10:28
1,30.654697,104.121988,1,2014/8/3 12:10:59
1,30.654695,104.121996,1,2014/8/3 12:11:30
1,30.654695,104.121996,1,2014/8/3 12:12:01
1,30.654698,104.121995,1,2014/8/3 12:12:31
1,30.65472,104.121965,1,2014/8/3 12:13:02
1,30.654722,104.12194,1,2014/8/3 12:13:33
1,30.654713,104.121958,1,2014/8/3 12:14:03
1,30.654709,104.122018,1,2014/8/3 12:14:34
1,30.654687,104.121965,1,2014/8/3 12:15:05
1,30.654715,104.12205,1,2014/8/3 12:15:35
1,30.654724,104.12206,1,2014/8/3 12:16:06
1,30.654739,104.122032,1,2014/8/3 12:16:36
1,30.654765,104.121977,1,2014/8/3 12:17:07
1,30.65473,104.122067,1,2014/8/3 12:17:38
1,30.654697,104.122057,1,2014/8/3 12:18:09
1,30.65471,104.121996,1,2014/8/3 12:18:39
1,30.654713,104.121973,1,2014/8/3 12:19:10
1,30.654712,104.121985,1,2014/8/3 12:19:41
1,30.65463,104.121892,1,2014/8/3 12:20:11
1,30.654769,104.121925,1,2014/8/3 12:20:42
1,30.654763,104.122008,1,2014/8/3 12:21:13
1,30.654752,104.122017,1,2014/8/3 12:21:43
1,30.654755,104.122023,1,2014/8/3 12:22:14
1,30.654757,104.122025,1,2014/8/3 12:22:45
1,30.654727,104.12205,1,2014/8/3 12:23:15
1,30.654727,104.122048,1,2014/8/3 12:23:46
1,30.654755,104.122065,1,2014/8/3 12:24:47
1,30.654724,104.122,1,2014/8/3 12:25:18
1,30.654705,104.122013,1,2014/8/3 12:25:49
1,30.654667,104.12203,1,2014/8/3 12:26:19
1,30.65466,104.122053,1,2014/8/3 12:26:50
1,30.65471,104.121955,1,2014/8/3 12:27:20
1,30.654724,104.12189,1,2014/8/3 12:27:51
1,30.654697,104.121942,1,2014/8/3 12:28:21
1,30.65469,104.1219,1,2014/8/3 12:28:52
1,30.65471,104.122008,1,2014/8/3 12:29:23
1,30.654805,104.12199,1,2014/8/3 12:29:54
1,30.654799,104.12194,1,2014/8/3 12:30:24
1,30.654782,104.121925,1,2014/8/3 12:30:55
1,30.654747,104.121935,1,2014/8/3 12:31:26
1,30.654722,104.121905,1,2014/8/3 12:31:56
1,30.654765,104.121977,1,2014/8/3 12:32:27
1,30.654718,104.121983,1,2014/8/3 12:32:58
1,30.654747,104.121935,1,2014/8/3 12:33:28
1,30.654757,104.121903,1,2014/8/3 12:33:59
1,30.65475,104.121928,1,2014/8/3 12:34:30
1,30.654724,104.121947,1,2014/8/3 12:35:00
1,30.654692,104.121995,1,2014/8/3 12:35:31
1,30.654697,104.122015,1,2014/8/3 12:36:01
1,30.654712,104.122022,1,2014/8/3 12:36:32
1,30.654704,104.122042,1,2014/8/3 12:37:03
1,30.654704,104.122053,1,2014/8/3 12:37:34
1,30.654702,104.122065,1,2014/8/3 12:38:04
1,30.654709,104.122062,1,2014/8/3 12:38:35
1,30.654739,104.122045,1,2014/8/3 12:39:06
1,30.65474,104.121995,1,2014/8/3 12:39:36
1,30.654735,104.122,1,2014/8/3 12:40:07
1,30.654742,104.121998,1,2014/8/3 12:40:38
1,30.654745,104.122035,1,2014/8/3 12:41:09
1,30.654722,104.12207,1,2014/8/3 12:41:39
1,30.654737,104.121996,1,2014/8/3 12:42:10
1,30.65475,104.121982,1,2014/8/3 12:42:41
1,30.65471,104.122012,1,2014/8/3 12:43:11
1,30.65472,104.12201,1,2014/8/3 12:43:41
1,30.65478,104.121956,1,2014/8/3 12:44:12
1,30.654805,104.12201,1,2014/8/3 12:44:43
1,30.654802,104.121978,1,2014/8/3 12:45:13
1,30.654773,104.121996,1,2014/8/3 12:45:44
1,30.654855,104.121887,1,2014/8/3 12:46:14
1,30.65469,104.12185,1,2014/8/3 12:46:45
1,30.654835,104.12197,1,2014/8/3 12:47:04
1,30.655117,104.122347,1,2014/8/3 12:47:35
1,30.655162,104.122413,1,2014/8/3 12:48:05
1,30.655299,104.123152,1,2014/8/3 12:48:26
1,30.654287,104.123728,1,2014/8/3 12:48:48
1,30.652207,104.123935,1,2014/8/3 12:49:19
1,30.651569,104.123671,1,2014/8/3 12:49:30
1,30.650981,104.123478,1,2014/8/3 12:49:44
1,30.650785,104.124754,1,2014/8/3 12:50:04
1,30.650559,104.126229,1,2014/8/3 12:50:35
1,30.650567,104.126142,1,2014/8/3 12:51:05
1,30.65057,104.126144,1,2014/8/3 12:51:36
1,30.650572,104.126149,1,2014/8/3 12:52:06
1,30.650574,104.126149,1,2014/8/3 12:52:37
1,30.650575,104.126151,1,2014/8/3 12:53:08
1,30.650584,104.126156,1,2014/8/3 12:53:38
1,30.650607,104.126172,1,2014/8/3 12:54:09
1,30.650612,104.126156,1,2014/8/3 12:54:40
1,30.650612,104.126157,1,2014/8/3 12:55:11
1,30.650614,104.126161,1,2014/8/3 12:55:41
1,30.650623,104.12617,1,2014/8/3 12:56:12
1,30.650627,104.126172,1,2014/8/3 12:56:43
1,30.650647,104.126182,1,2014/8/3 12:57:13
1,30.650652,104.126184,1,2014/8/3 12:57:44
1,30.650652,104.12617,1,2014/8/3 12:58:15
1,30.650653,104.12617,1,2014/8/3 12:58:45
1,30.650657,104.12617,1,2014/8/3 12:59:16
1,30.650653,104.126175,1,2014/8/3 12:59:46
1,30.650652,104.126174,1,2014/8/3 13:00:17
1,30.650653,104.126175,1,2014/8/3 13:00:48
1,30.650655,104.126175,1,2014/8/3 13:01:18
1,30.650659,104.126175,1,2014/8/3 13:01:49
1,30.650662,104.126177,1,2014/8/3 13:02:19
1,30.650664,104.126179,1,2014/8/3 13:02:50
1,30.650667,104.126179,1,2014/8/3 13:03:21
1,30.65067,104.126179,1,2014/8/3 13:03:51
1,30.650674,104.126175,1,2014/8/3 13:04:22
1,30.650677,104.126175,1,2014/8/3 13:04:52
1,30.650687,104.126164,1,2014/8/3 13:05:23
1,30.650682,104.126151,1,2014/8/3 13:05:54
1,30.650684,104.126174,1,2014/8/3 13:06:27
1,30.650684,104.126181,1,2014/8/3 13:06:57
1,30.650685,104.126181,1,2014/8/3 13:07:28
1,30.650689,104.126182,1,2014/8/3 13:07:59
1,30.65069,104.126182,1,2014/8/3 13:08:29
1,30.650684,104.126174,1,2014/8/3 13:09:00
1,30.650682,104.126174,1,2014/8/3 13:09:31
1,30.65068,104.126179,1,2014/8/3 13:10:01
1,30.650682,104.126179,1,2014/8/3 13:10:32
1,30.650684,104.126179,1,2014/8/3 13:11:03
1,30.650684,104.126177,1,2014/8/3 13:11:33
1,30.650684,104.126175,1,2014/8/3 13:12:04
1,30.650695,104.126179,1,2014/8/3 13:12:35
1,30.650705,104.126181,1,2014/8/3 13:13:05
1,30.650707,104.126181,1,2014/8/3 13:13:36
1,30.650705,104.126179,1,2014/8/3 13:14:06
1,30.650707,104.126177,1,2014/8/3 13:14:37
1,30.650707,104.126177,1,2014/8/3 13:15:08
1,30.650705,104.126175,1,2014/8/3 13:15:39
1,30.650707,104.126177,1,2014/8/3 13:16:09
1,30.650707,104.126177,1,2014/8/3 13:16:40
1,30.650709,104.126177,1,2014/8/3 13:17:10
1,30.650709,104.126174,1,2014/8/3 13:17:41
1,30.650709,104.12617,1,2014/8/3 13:18:11
1,30.650707,104.126167,1,2014/8/3 13:18:42
1,30.650704,104.126164,1,2014/8/3 13:19:13
1,30.650702,104.126162,1,2014/8/3 13:19:43
1,30.650702,104.126162,1,2014/8/3 13:20:14
1,30.650702,104.126161,1,2014/8/3 13:20:45
1,30.6507,104.126159,1,2014/8/3 13:21:15
1,30.650698,104.126157,1,2014/8/3 13:21:46
1,30.650695,104.126157,1,2014/8/3 13:22:16
1,30.650697,104.126157,1,2014/8/3 13:22:47
1,30.650697,104.126156,1,2014/8/3 13:23:18
1,30.650697,104.126152,1,2014/8/3 13:23:48
1,30.650695,104.126152,1,2014/8/3 13:24:19
1,30.650694,104.126152,1,2014/8/3 13:24:50
1,30.650692,104.126161,1,2014/8/3 13:25:20
1,30.650692,104.126161,1,2014/8/3 13:25:51
1,30.650694,104.126159,1,2014/8/3 13:26:21
1,30.650695,104.126156,1,2014/8/3 13:26:52
1,30.650694,104.126157,1,2014/8/3 13:27:23
1,30.650695,104.126156,1,2014/8/3 13:27:54
1,30.650694,104.126154,1,2014/8/3 13:28:24
1,30.650694,104.126151,1,2014/8/3 13:28:55
1,30.650692,104.126149,1,2014/8/3 13:29:26
1,30.650694,104.126151,1,2014/8/3 13:29:56
1,30.650692,104.126151,1,2014/8/3 13:30:27
1,30.650694,104.126154,1,2014/8/3 13:30:57
1,30.650692,104.126152,1,2014/8/3 13:31:28
1,30.650692,104.126154,1,2014/8/3 13:31:59
1,30.650692,104.126156,1,2014/8/3 13:32:29
1,30.65069,104.126159,1,2014/8/3 13:33:00
1,30.650687,104.126159,1,2014/8/3 13:33:31
1,30.650687,104.126161,1,2014/8/3 13:34:01
1,30.650685,104.126162,1,2014/8/3 13:34:32
1,30.650685,104.126162,1,2014/8/3 13:35:03
1,30.650685,104.126161,1,2014/8/3 13:35:33
1,30.650685,104.126161,1,2014/8/3 13:36:04
1,30.650687,104.126162,1,2014/8/3 13:36:34
1,30.650685,104.126162,1,2014/8/3 13:37:05
1,30.650687,104.126164,1,2014/8/3 13:37:36
1,30.650679,104.126169,1,2014/8/3 13:38:06
1,30.65068,104.126169,1,2014/8/3 13:38:37
1,30.650682,104.12617,1,2014/8/3 13:39:08
1,30.650682,104.126172,1,2014/8/3 13:39:38
1,30.650682,104.126174,1,2014/8/3 13:40:09
1,30.650679,104.126174,1,2014/8/3 13:40:40
1,30.650679,104.126177,1,2014/8/3 13:41:11
1,30.650675,104.126179,1,2014/8/3 13:41:41
1,30.650677,104.126182,1,2014/8/3 13:42:12
1,30.65068,104.126189,1,2014/8/3 13:42:43
1,30.65068,104.126189,1,2014/8/3 13:43:13
1,30.650684,104.126197,1,2014/8/3 13:43:44
1,30.650684,104.126199,1,2014/8/3 13:44:14
1,30.650684,104.126201,1,2014/8/3 13:44:45
1,30.650682,104.126202,1,2014/8/3 13:45:16
1,30.650685,104.126204,1,2014/8/3 13:45:46
1,30.650684,104.126204,1,2014/8/3 13:46:16
1,30.65068,104.126202,1,2014/8/3 13:46:47
1,30.650679,104.126199,1,2014/8/3 13:47:18
1,30.650675,104.126199,1,2014/8/3 13:47:48
1,30.650674,104.126197,1,2014/8/3 13:48:19
1,30.650674,104.126196,1,2014/8/3 13:48:50
1,30.650675,104.126196,1,2014/8/3 13:49:20
1,30.650675,104.126199,1,2014/8/3 13:49:51
1,30.650674,104.126199,1,2014/8/3 13:50:21
1,30.65067,104.126199,1,2014/8/3 13:50:52
1,30.650668,104.126197,1,2014/8/3 13:51:23
1,30.650665,104.126194,1,2014/8/3 13:51:53
1,30.650667,104.126197,1,2014/8/3 13:52:24
1,30.650665,104.126196,1,2014/8/3 13:52:55
1,30.650664,104.126196,1,2014/8/3 13:53:25
1,30.650665,104.126197,1,2014/8/3 13:53:56
1,30.650662,104.126197,1,2014/8/3 13:54:26
1,30.650659,104.126194,1,2014/8/3 13:54:57
1,30.650655,104.126192,1,2014/8/3 13:55:28
1,30.650653,104.126192,1,2014/8/3 13:55:59
1,30.65065,104.126191,1,2014/8/3 13:56:29
1,30.65065,104.126191,1,2014/8/3 13:57:00
1,30.650649,104.126187,1,2014/8/3 13:57:31
1,30.650647,104.126187,1,2014/8/3 13:58:01
1,30.650645,104.126186,1,2014/8/3 13:58:31
1,30.650644,104.126184,1,2014/8/3 13:59:02
1,30.650644,104.126182,1,2014/8/3 13:59:33
1,30.65064,104.126182,1,2014/8/3 14:00:04
1,30.65064,104.126184,1,2014/8/3 14:00:34
1,30.65064,104.126186,1,2014/8/3 14:01:05
1,30.65064,104.126184,1,2014/8/3 14:01:36
1,30.650639,104.126182,1,2014/8/3 14:02:06
1,30.650637,104.126181,1,2014/8/3 14:03:08
1,30.650635,104.126181,1,2014/8/3 14:03:39
1,30.650635,104.126181,1,2014/8/3 14:04:09
1,30.650635,104.126179,1,2014/8/3 14:04:40
1,30.650639,104.126182,1,2014/8/3 14:05:11
1,30.650639,104.126184,1,2014/8/3 14:05:41
1,30.650639,104.126184,1,2014/8/3 14:06:12
1,30.650642,104.126182,1,2014/8/3 14:06:43
1,30.650645,104.126182,1,2014/8/3 14:07:13
1,30.650645,104.126181,1,2014/8/3 14:07:44
1,30.650647,104.126182,1,2014/8/3 14:08:15
1,30.650647,104.126181,1,2014/8/3 14:08:45
1,30.650649,104.126179,1,2014/8/3 14:09:16
1,30.650649,104.126179,1,2014/8/3 14:09:46
1,30.650649,104.126179,1,2014/8/3 14:10:17
1,30.650647,104.126181,1,2014/8/3 14:10:48
1,30.650647,104.126181,1,2014/8/3 14:11:19
1,30.650647,104.126179,1,2014/8/3 14:11:50
1,30.650647,104.126174,1,2014/8/3 14:12:20
1,30.650645,104.126175,1,2014/8/3 14:12:51
1,30.650644,104.126174,1,2014/8/3 14:13:21
1,30.650642,104.126172,1,2014/8/3 14:13:52
1,30.65064,104.126174,1,2014/8/3 14:14:23
1,30.650637,104.12617,1,2014/8/3 14:15:24
1,30.650637,104.12617,1,2014/8/3 14:15:54
1,30.650637,104.126169,1,2014/8/3 14:16:25
1,30.650635,104.126169,1,2014/8/3 14:16:56
1,30.650634,104.126169,1,2014/8/3 14:17:26
1,30.650632,104.126167,1,2014/8/3 14:17:56
1,30.650632,104.126167,1,2014/8/3 14:18:27
1,30.650632,104.126166,1,2014/8/3 14:18:58
1,30.650629,104.126166,1,2014/8/3 14:19:29
1,30.650623,104.126156,1,2014/8/3 14:19:59
1,30.650625,104.126156,1,2014/8/3 14:21:01
1,30.650627,104.126151,1,2014/8/3 14:22:02
1,30.650627,104.126151,1,2014/8/3 14:22:33
1,30.650627,104.126151,1,2014/8/3 14:23:03
1,30.650629,104.126151,1,2014/8/3 14:23:34
1,30.650629,104.126151,1,2014/8/3 14:24:05
1,30.650629,104.126151,1,2014/8/3 14:24:35
1,30.650629,104.126149,1,2014/8/3 14:25:06
1,30.650629,104.126147,1,2014/8/3 14:25:36
1,30.650629,104.126147,1,2014/8/3 14:26:07
1,30.650627,104.126147,1,2014/8/3 14:26:38
1,30.650625,104.126147,1,2014/8/3 14:27:08
1,30.650614,104.126144,1,2014/8/3 14:27:39
1,30.650614,104.126144,1,2014/8/3 14:28:09
1,30.650615,104.126142,1,2014/8/3 14:28:40
1,30.650615,104.126142,1,2014/8/3 14:29:11
1,30.650615,104.126142,1,2014/8/3 14:29:41
1,30.650614,104.126142,1,2014/8/3 14:30:12
1,30.650615,104.126141,1,2014/8/3 14:30:42
1,30.650617,104.126142,1,2014/8/3 14:31:13
1,30.65062,104.126139,1,2014/8/3 14:31:43
1,30.650622,104.126139,1,2014/8/3 14:32:14
1,30.650622,104.126139,1,2014/8/3 14:32:44
1,30.650622,104.126141,1,2014/8/3 14:33:15
1,30.650622,104.126141,1,2014/8/3 14:33:45
1,30.650623,104.126142,1,2014/8/3 14:34:16
1,30.650623,104.126141,1,2014/8/3 14:34:46
1,30.650625,104.126139,1,2014/8/3 14:35:17
1,30.650629,104.126141,1,2014/8/3 14:36:19
1,30.65063,104.126141,1,2014/8/3 14:36:49
1,30.65063,104.126142,1,2014/8/3 14:37:20
1,30.650632,104.126147,1,2014/8/3 14:37:50
1,30.65063,104.126147,1,2014/8/3 14:38:21
1,30.65063,104.126151,1,2014/8/3 14:38:51
1,30.65063,104.126152,1,2014/8/3 14:39:22
1,30.650632,104.126156,1,2014/8/3 14:39:53
1,30.650632,104.126156,1,2014/8/3 14:40:23
1,30.650632,104.126157,1,2014/8/3 14:40:54
1,30.650632,104.126159,1,2014/8/3 14:41:24
1,30.650632,104.126161,1,2014/8/3 14:41:55
1,30.650632,104.126162,1,2014/8/3 14:42:25
1,30.65063,104.126162,1,2014/8/3 14:42:56
1,30.650632,104.126164,1,2014/8/3 14:43:26
1,30.650632,104.126166,1,2014/8/3 14:43:57
1,30.650634,104.126169,1,2014/8/3 14:44:28
1,30.650604,104.126299,1,2014/8/3 14:44:58
1,30.650562,104.126361,1,2014/8/3 14:45:00
1,30.65051,104.126379,1,2014/8/3 14:45:01
1,30.649289,104.126705,1,2014/8/3 14:45:23
1,30.649246,104.126602,1,2014/8/3 14:45:53
1,30.649247,104.126602,1,2014/8/3 14:46:24
1,30.649249,104.126603,1,2014/8/3 14:46:55
1,30.64925,104.126603,1,2014/8/3 14:47:25
1,30.64925,104.126603,1,2014/8/3 14:47:56
1,30.64925,104.126603,1,2014/8/3 14:48:26
1,30.64925,104.126603,1,2014/8/3 14:48:56
1,30.64925,104.126603,1,2014/8/3 14:49:27
1,30.64925,104.126602,1,2014/8/3 14:49:58
1,30.64925,104.126602,1,2014/8/3 14:50:28
1,30.649349,104.126798,1,2014/8/3 14:50:59
1,30.649455,104.126739,1,2014/8/3 14:51:02
1,30.6502,104.126592,1,2014/8/3 14:51:15
1,30.650623,104.126592,1,2014/8/3 14:51:46
1,30.650623,104.126594,1,2014/8/3 14:52:17
1,30.650623,104.126594,1,2014/8/3 14:52:48
1,30.650623,104.126594,1,2014/8/3 14:53:18
1,30.650623,104.126594,1,2014/8/3 14:53:49
1,30.650625,104.126595,1,2014/8/3 14:54:19
1,30.650623,104.126595,1,2014/8/3 14:54:50
1,30.650623,104.126595,1,2014/8/3 14:55:21
1,30.650623,104.126595,1,2014/8/3 14:55:51
1,30.650623,104.126597,1,2014/8/3 14:56:22
1,30.650623,104.126595,1,2014/8/3 14:56:53
1,30.650623,104.126595,1,2014/8/3 14:57:24
1,30.650622,104.126595,1,2014/8/3 14:57:54
1,30.650623,104.126595,1,2014/8/3 14:58:25
1,30.650623,104.126594,1,2014/8/3 14:58:56
1,30.650622,104.126594,1,2014/8/3 14:59:26
1,30.650623,104.126592,1,2014/8/3 14:59:57
1,30.650623,104.126592,1,2014/8/3 15:00:28
1,30.650623,104.126591,1,2014/8/3 15:00:58
1,30.650623,104.126591,1,2014/8/3 15:01:29
1,30.650623,104.126591,1,2014/8/3 15:02:00
1,30.650623,104.126591,1,2014/8/3 15:02:30
1,30.650623,104.126589,1,2014/8/3 15:03:01
1,30.650623,104.126589,1,2014/8/3 15:03:32
1,30.650622,104.126587,1,2014/8/3 15:04:02
1,30.650622,104.126587,1,2014/8/3 15:04:33
1,30.65062,104.126586,1,2014/8/3 15:05:04
1,30.65062,104.126586,1,2014/8/3 15:05:34
1,30.650619,104.126584,1,2014/8/3 15:06:05
1,30.650619,104.126584,1,2014/8/3 15:06:36
1,30.65062,104.126582,1,2014/8/3 15:07:06
1,30.65062,104.126582,1,2014/8/3 15:07:37
1,30.650619,104.126582,1,2014/8/3 15:08:08
1,30.650619,104.126582,1,2014/8/3 15:08:38
1,30.650619,104.126581,1,2014/8/3 15:09:09
1,30.65062,104.126581,1,2014/8/3 15:09:40
1,30.650622,104.126581,1,2014/8/3 15:10:11
1,30.650622,104.126581,1,2014/8/3 15:10:41
1,30.650622,104.126579,1,2014/8/3 15:11:12
1,30.65062,104.126577,1,2014/8/3 15:11:42
1,30.650622,104.126577,1,2014/8/3 15:12:13
1,30.650623,104.126579,1,2014/8/3 15:12:43
1,30.650623,104.126579,1,2014/8/3 15:13:14
1,30.650623,104.126577,1,2014/8/3 15:13:45
1,30.650625,104.126582,1,2014/8/3 15:14:16
1,30.650627,104.126582,1,2014/8/3 15:14:46
1,30.650695,104.126577,1,2014/8/3 15:14:55
1,30.651002,104.126392,1,2014/8/3 15:15:26
1,30.651005,104.126361,1,2014/8/3 15:15:56
1,30.651004,104.126362,1,2014/8/3 15:16:27
1,30.651,104.126366,1,2014/8/3 15:16:58
1,30.650997,104.126367,1,2014/8/3 15:17:28
1,30.650985,104.126329,1,2014/8/3 15:17:47
1,30.65097,104.126286,1,2014/8/3 15:18:18
1,30.650959,104.126191,1,2014/8/3 15:18:48
1,30.650964,104.126151,1,2014/8/3 15:19:19
1,30.650968,104.126151,1,2014/8/3 15:19:49
1,30.650972,104.126036,1,2014/8/3 15:20:20
1,30.650975,104.126037,1,2014/8/3 15:20:51
1,30.65099,104.125914,1,2014/8/3 15:21:21
1,30.650997,104.125916,1,2014/8/3 15:21:52
1,30.651002,104.125914,1,2014/8/3 15:22:23
1,30.650999,104.125879,1,2014/8/3 15:22:53
1,30.651,104.125717,1,2014/8/3 15:23:24
1,30.651004,104.125684,1,2014/8/3 15:23:55
1,30.651,104.125537,1,2014/8/3 15:24:25
1,30.650999,104.125536,1,2014/8/3 15:24:56
1,30.650994,104.125534,1,2014/8/3 15:25:27
1,30.650997,104.125536,1,2014/8/3 15:25:57
1,30.650999,104.125536,1,2014/8/3 15:26:28
1,30.65099,104.125403,1,2014/8/3 15:26:59
1,30.65112,104.125359,1,2014/8/3 15:27:29
1,30.651141,104.125349,1,2014/8/3 15:28:00
1,30.65114,104.125348,1,2014/8/3 15:28:31
1,30.651138,104.125348,1,2014/8/3 15:29:01
1,30.651131,104.125349,1,2014/8/3 15:29:32
1,30.651131,104.125348,1,2014/8/3 15:30:03
1,30.651171,104.125344,1,2014/8/3 15:30:19
1,30.651283,104.125249,1,2014/8/3 15:30:50
1,30.651285,104.125249,1,2014/8/3 15:31:20
1,30.651308,104.125249,1,2014/8/3 15:31:51
1,30.651313,104.125249,1,2014/8/3 15:32:22
1,30.651316,104.125246,1,2014/8/3 15:32:52
1,30.651308,104.125246,1,2014/8/3 15:33:23
1,30.651166,104.125037,1,2014/8/3 15:33:54
1,30.651163,104.125028,1,2014/8/3 15:34:24
1,30.65097,104.125066,1,2014/8/3 15:34:34
1,30.65091,104.125261,1,2014/8/3 15:34:39
1,30.650504,104.125566,1,2014/8/3 15:34:51
1,30.648219,104.127465,1,2014/8/3 15:35:21
1,30.648087,104.127748,1,2014/8/3 15:35:26
1,30.647491,104.130678,1,2014/8/3 15:35:57
1,30.647837,104.134902,1,2014/8/3 15:36:28
1,30.648738,104.138844,1,2014/8/3 15:36:59
1,30.648615,104.139354,1,2014/8/3 15:37:08
1,30.646336,104.139586,1,2014/8/3 15:37:38
1,30.646336,104.139586,1,2014/8/3 15:38:09
1,30.642869,104.139616,1,2014/8/3 15:38:40
1,30.639675,104.139583,1,2014/8/3 15:39:10
1,30.63698,104.139457,1,2014/8/3 15:39:41
1,30.636157,104.139242,1,2014/8/3 15:39:49
1,30.634178,104.138425,1,2014/8/3 15:40:20
1,30.634179,104.138425,1,2014/8/3 15:40:50
1,30.631265,104.137093,1,2014/8/3 15:41:21
1,30.62696,104.135017,1,2014/8/3 15:41:51
1,30.626345,104.134484,1,2014/8/3 15:41:59
1,30.626424,104.133587,1,2014/8/3 15:42:08
1,30.62651,104.133382,1,2014/8/3 15:42:39
1,30.62651,104.133384,1,2014/8/3 15:43:09
1,30.62651,104.133385,1,2014/8/3 15:43:40
1,30.62651,104.133387,1,2014/8/3 15:44:11
1,30.626512,104.13339,1,2014/8/3 15:44:41
1,30.626514,104.133392,1,2014/8/3 15:45:12
1,30.626515,104.133394,1,2014/8/3 15:45:43
1,30.626515,104.133397,1,2014/8/3 15:46:13
1,30.626517,104.133397,1,2014/8/3 15:46:44
1,30.626518,104.133397,1,2014/8/3 15:47:15
1,30.626522,104.133399,1,2014/8/3 15:47:45
1,30.626525,104.1334,1,2014/8/3 15:48:16
1,30.626525,104.133402,1,2014/8/3 15:48:46
1,30.626523,104.133397,1,2014/8/3 15:49:17
1,30.626523,104.133399,1,2014/8/3 15:49:48
1,30.626525,104.1334,1,2014/8/3 15:50:18
1,30.626525,104.133399,1,2014/8/3 15:50:49
1,30.626527,104.133399,1,2014/8/3 15:51:19
1,30.626529,104.133395,1,2014/8/3 15:51:50
1,30.626529,104.133394,1,2014/8/3 15:52:21
1,30.626529,104.133392,1,2014/8/3 15:52:51
1,30.626529,104.133389,1,2014/8/3 15:53:22
1,30.626527,104.133387,1,2014/8/3 15:53:53
1,30.626529,104.133387,1,2014/8/3 15:54:23
1,30.626529,104.133385,1,2014/8/3 15:54:54
1,30.626527,104.133385,1,2014/8/3 15:55:25
1,30.626523,104.133385,1,2014/8/3 15:55:55
1,30.626518,104.133385,1,2014/8/3 15:56:26
1,30.626517,104.133384,1,2014/8/3 15:56:56
1,30.626515,104.133384,1,2014/8/3 15:57:27
1,30.626517,104.133384,1,2014/8/3 15:57:58
1,30.626518,104.133384,1,2014/8/3 15:58:28
1,30.626507,104.133369,1,2014/8/3 15:58:59
1,30.62651,104.133365,1,2014/8/3 15:59:29
1,30.626499,104.133357,1,2014/8/3 16:00:00
1,30.626502,104.13335,1,2014/8/3 16:00:31
1,30.626502,104.13335,1,2014/8/3 16:01:01
1,30.626502,104.133347,1,2014/8/3 16:01:31
1,30.626503,104.133347,1,2014/8/3 16:02:02
1,30.626503,104.133347,1,2014/8/3 16:02:33
1,30.626503,104.133348,1,2014/8/3 16:03:03
1,30.626507,104.13335,1,2014/8/3 16:03:34
1,30.626509,104.133354,1,2014/8/3 16:04:05
1,30.626509,104.133357,1,2014/8/3 16:04:35
1,30.626507,104.133357,1,2014/8/3 16:05:06
1,30.626505,104.133355,1,2014/8/3 16:05:36
1,30.626505,104.133355,1,2014/8/3 16:06:07
1,30.626505,104.133357,1,2014/8/3 16:06:38
1,30.626505,104.133359,1,2014/8/3 16:07:08
1,30.626505,104.133357,1,2014/8/3 16:07:38
1,30.626505,104.133355,1,2014/8/3 16:08:09
1,30.62651,104.133357,1,2014/8/3 16:08:39
1,30.626512,104.133359,1,2014/8/3 16:09:10
1,30.626512,104.133359,1,2014/8/3 16:09:41
1,30.626514,104.133357,1,2014/8/3 16:10:11
1,30.626514,104.133357,1,2014/8/3 16:10:42
1,30.626515,104.133357,1,2014/8/3 16:11:13
1,30.626517,104.133359,1,2014/8/3 16:11:43
1,30.626517,104.133359,1,2014/8/3 16:12:14
1,30.626517,104.133359,1,2014/8/3 16:12:44
1,30.626515,104.133357,1,2014/8/3 16:13:15
1,30.626517,104.133355,1,2014/8/3 16:13:45
1,30.626517,104.133354,1,2014/8/3 16:14:16
1,30.626518,104.133354,1,2014/8/3 16:14:46
1,30.626518,104.133357,1,2014/8/3 16:15:17
1,30.62652,104.133359,1,2014/8/3 16:15:48
1,30.626522,104.13336,1,2014/8/3 16:16:18
1,30.626523,104.13336,1,2014/8/3 16:16:49
1,30.626523,104.133362,1,2014/8/3 16:17:19
1,30.626522,104.133362,1,2014/8/3 16:17:50
1,30.626522,104.133364,1,2014/8/3 16:18:20
1,30.626523,104.133364,1,2014/8/3 16:18:51
1,30.626523,104.133362,1,2014/8/3 16:19:21
1,30.626523,104.133364,1,2014/8/3 16:19:52
1,30.626525,104.133367,1,2014/8/3 16:20:23
1,30.626525,104.133364,1,2014/8/3 16:20:54
1,30.626525,104.133365,1,2014/8/3 16:21:24
1,30.626525,104.133365,1,2014/8/3 16:21:55
1,30.626523,104.133365,1,2014/8/3 16:22:26
1,30.626525,104.133367,1,2014/8/3 16:22:56
1,30.626525,104.133367,1,2014/8/3 16:23:27
1,30.626527,104.133367,1,2014/8/3 16:23:58
1,30.626525,104.133367,1,2014/8/3 16:24:28
1,30.626523,104.133365,1,2014/8/3 16:24:59
1,30.626522,104.133365,1,2014/8/3 16:25:30
1,30.626523,104.133365,1,2014/8/3 16:26:00
1,30.626523,104.133365,1,2014/8/3 16:26:31
1,30.626525,104.133367,1,2014/8/3 16:27:01
1,30.626525,104.133369,1,2014/8/3 16:27:32
1,30.626523,104.133365,1,2014/8/3 16:28:03
1,30.626523,104.133365,1,2014/8/3 16:28:34
1,30.626525,104.133364,1,2014/8/3 16:29:04
1,30.626527,104.133362,1,2014/8/3 16:29:35
1,30.626529,104.133362,1,2014/8/3 16:30:05
1,30.626532,104.133364,1,2014/8/3 16:30:36
1,30.626544,104.133359,1,2014/8/3 16:31:06
1,30.626544,104.13336,1,2014/8/3 16:31:36
1,30.62653,104.133348,1,2014/8/3 16:32:07
1,30.62653,104.133345,1,2014/8/3 16:32:38
1,30.626544,104.133327,1,2014/8/3 16:33:08
1,30.626537,104.133357,1,2014/8/3 16:33:39
1,30.626547,104.133369,1,2014/8/3 16:34:10
1,30.626592,104.13338,1,2014/8/3 16:34:40
1,30.626602,104.133417,1,2014/8/3 16:35:11
1,30.626572,104.133404,1,2014/8/3 16:35:41
1,30.626597,104.13335,1,2014/8/3 16:36:12
1,30.626657,104.133359,1,2014/8/3 16:36:43
1,30.626713,104.133334,1,2014/8/3 16:37:13
1,30.626692,104.133344,1,2014/8/3 16:37:44
1,30.626689,104.13336,1,2014/8/3 16:38:15
1,30.626595,104.13339,1,2014/8/3 16:38:45
1,30.62659,104.133419,1,2014/8/3 16:39:16
1,30.62667,104.133414,1,2014/8/3 16:39:46
1,30.626653,104.133422,1,2014/8/3 16:40:17
1,30.626742,104.133412,1,2014/8/3 16:40:48
1,30.62683,104.133452,1,2014/8/3 16:41:18
1,30.626912,104.133494,1,2014/8/3 16:41:49
1,30.626584,104.133584,1,2014/8/3 16:42:19
1,30.626685,104.133489,1,2014/8/3 16:42:50
1,30.626665,104.133517,1,2014/8/3 16:43:21
1,30.626772,104.133437,1,2014/8/3 16:43:51
1,30.626775,104.133422,1,2014/8/3 16:44:22
1,30.626722,104.13344,1,2014/8/3 16:44:52
1,30.626674,104.133435,1,2014/8/3 16:45:23
1,30.626649,104.133435,1,2014/8/3 16:45:54
1,30.626655,104.133412,1,2014/8/3 16:46:25
1,30.62667,104.133475,1,2014/8/3 16:46:55
1,30.6267,104.133452,1,2014/8/3 16:47:26
1,30.626775,104.133435,1,2014/8/3 16:47:56
1,30.626715,104.133435,1,2014/8/3 16:48:27
1,30.626599,104.13346,1,2014/8/3 16:48:58
1,30.62664,104.133472,1,2014/8/3 16:49:29
1,30.626702,104.133445,1,2014/8/3 16:49:59
1,30.626724,104.1334,1,2014/8/3 16:50:30
1,30.626698,104.133399,1,2014/8/3 16:51:01
1,30.626758,104.13337,1,2014/8/3 16:51:31
1,30.626805,104.133372,1,2014/8/3 16:52:02
1,30.626754,104.133463,1,2014/8/3 16:52:32
1,30.62676,104.133415,1,2014/8/3 16:53:03
1,30.626757,104.133449,1,2014/8/3 16:53:34
1,30.626822,104.133437,1,2014/8/3 16:54:04
1,30.62667,104.133462,1,2014/8/3 16:54:35
1,30.626674,104.133415,1,2014/8/3 16:55:06
1,30.626644,104.133467,1,2014/8/3 16:55:36
1,30.626659,104.133429,1,2014/8/3 16:56:07
1,30.626659,104.133438,1,2014/8/3 16:56:38
1,30.626657,104.133405,1,2014/8/3 16:57:08
1,30.626665,104.133405,1,2014/8/3 16:57:39
1,30.626665,104.133402,1,2014/8/3 16:58:09
1,30.62669,104.133384,1,2014/8/3 16:58:40
1,30.626707,104.133339,1,2014/8/3 16:59:10
1,30.626704,104.133342,1,2014/8/3 16:59:40
1,30.626704,104.133348,1,2014/8/3 17:00:11
1,30.626719,104.133352,1,2014/8/3 17:00:41
1,30.626717,104.133352,1,2014/8/3 17:01:12
1,30.626717,104.133352,1,2014/8/3 17:01:42
1,30.626719,104.133352,1,2014/8/3 17:02:13
1,30.626715,104.133352,1,2014/8/3 17:02:44
1,30.626728,104.133348,1,2014/8/3 17:03:14
1,30.626728,104.133345,1,2014/8/3 17:03:45
1,30.626727,104.133345,1,2014/8/3 17:04:15
1,30.626725,104.133344,1,2014/8/3 17:04:46
1,30.62672,104.133344,1,2014/8/3 17:05:16
1,30.626719,104.133344,1,2014/8/3 17:05:47
1,30.626719,104.133344,1,2014/8/3 17:06:17
1,30.626717,104.133344,1,2014/8/3 17:06:48
1,30.626717,104.133344,1,2014/8/3 17:07:21
1,30.626713,104.133344,1,2014/8/3 17:07:52
1,30.626672,104.13335,1,2014/8/3 17:08:23
1,30.626665,104.133354,1,2014/8/3 17:08:54
1,30.626662,104.133359,1,2014/8/3 17:09:24
1,30.62666,104.133359,1,2014/8/3 17:09:55
1,30.626563,104.133445,1,2014/8/3 17:10:26
1,30.626565,104.133444,1,2014/8/3 17:10:56
1,30.626567,104.133444,1,2014/8/3 17:11:27
1,30.62657,104.133435,1,2014/8/3 17:11:57
1,30.626574,104.133427,1,2014/8/3 17:12:28
1,30.626575,104.133424,1,2014/8/3 17:12:59
1,30.626577,104.133419,1,2014/8/3 17:13:30
1,30.626587,104.133404,1,2014/8/3 17:14:00
1,30.626572,104.133404,1,2014/8/3 17:14:31
1,30.626572,104.133404,1,2014/8/3 17:15:01
1,30.626572,104.133405,1,2014/8/3 17:15:32
1,30.626572,104.133407,1,2014/8/3 17:16:03
1,30.62657,104.133407,1,2014/8/3 17:16:34
1,30.626572,104.133408,1,2014/8/3 17:17:04
1,30.626569,104.133408,1,2014/8/3 17:17:35
1,30.626569,104.13341,1,2014/8/3 17:18:06
1,30.62657,104.13341,1,2014/8/3 17:18:36
1,30.62657,104.13341,1,2014/8/3 17:19:06
1,30.62657,104.133408,1,2014/8/3 17:19:37
1,30.626572,104.133407,1,2014/8/3 17:20:08
1,30.626572,104.133408,1,2014/8/3 17:20:39
1,30.62657,104.133408,1,2014/8/3 17:21:09
1,30.626565,104.133404,1,2014/8/3 17:21:40
1,30.626565,104.133405,1,2014/8/3 17:22:11
1,30.626563,104.133407,1,2014/8/3 17:22:41
1,30.626563,104.133408,1,2014/8/3 17:23:12
1,30.626533,104.133507,1,2014/8/3 17:23:43
1,30.626547,104.133532,1,2014/8/3 17:24:13
1,30.62657,104.133489,1,2014/8/3 17:24:44
1,30.626545,104.133467,1,2014/8/3 17:25:14
1,30.626537,104.13346,1,2014/8/3 17:25:45
1,30.626535,104.133457,1,2014/8/3 17:26:16
1,30.626532,104.133454,1,2014/8/3 17:26:46
1,30.626529,104.133447,1,2014/8/3 17:27:17
1,30.626523,104.133442,1,2014/8/3 17:27:48
1,30.62652,104.133438,1,2014/8/3 17:28:18
1,30.626518,104.133435,1,2014/8/3 17:28:49
1,30.626517,104.133435,1,2014/8/3 17:29:19
1,30.626503,104.133425,1,2014/8/3 17:29:50
1,30.626505,104.133427,1,2014/8/3 17:30:21
1,30.626507,104.133427,1,2014/8/3 17:30:51
1,30.626509,104.133427,1,2014/8/3 17:31:22
1,30.62651,104.133429,1,2014/8/3 17:31:53
1,30.626512,104.13343,1,2014/8/3 17:32:23
1,30.626512,104.133429,1,2014/8/3 17:32:54
1,30.626512,104.133427,1,2014/8/3 17:33:25
1,30.62651,104.133425,1,2014/8/3 17:33:55
1,30.62651,104.133424,1,2014/8/3 17:34:26
1,30.626512,104.13342,1,2014/8/3 17:34:56
1,30.626514,104.133415,1,2014/8/3 17:35:27
1,30.626514,104.133412,1,2014/8/3 17:35:58
1,30.626515,104.13341,1,2014/8/3 17:36:29
1,30.626515,104.133408,1,2014/8/3 17:36:59
1,30.626517,104.133405,1,2014/8/3 17:37:30
1,30.626518,104.133404,1,2014/8/3 17:38:01
1,30.62652,104.1334,1,2014/8/3 17:38:31
1,30.626522,104.133399,1,2014/8/3 17:39:02
1,30.626522,104.133397,1,2014/8/3 17:39:33
1,30.626525,104.133395,1,2014/8/3 17:40:04
1,30.626527,104.13339,1,2014/8/3 17:40:34
1,30.62653,104.133387,1,2014/8/3 17:41:05
1,30.62653,104.133385,1,2014/8/3 17:41:36
1,30.62653,104.133385,1,2014/8/3 17:42:06
1,30.626532,104.133385,1,2014/8/3 17:42:37
1,30.626535,104.133385,1,2014/8/3 17:43:07
1,30.626537,104.133384,1,2014/8/3 17:43:38
1,30.626552,104.133352,1,2014/8/3 17:44:09
1,30.62656,104.133352,1,2014/8/3 17:44:39
1,30.626565,104.133357,1,2014/8/3 17:45:10
1,30.626574,104.133348,1,2014/8/3 17:45:40
1,30.626574,104.133348,1,2014/8/3 17:46:11
1,30.626574,104.13335,1,2014/8/3 17:46:41
1,30.626584,104.13335,1,2014/8/3 17:47:12
1,30.626585,104.133348,1,2014/8/3 17:47:43
1,30.626585,104.133348,1,2014/8/3 17:48:44
1,30.626585,104.13335,1,2014/8/3 17:49:15
1,30.626585,104.13335,1,2014/8/3 17:49:45
1,30.626587,104.13335,1,2014/8/3 17:50:16
1,30.626587,104.13335,1,2014/8/3 17:50:47
1,30.626589,104.13335,1,2014/8/3 17:51:18
1,30.62659,104.13335,1,2014/8/3 17:51:48
1,30.62659,104.13335,1,2014/8/3 17:52:19
1,30.626592,104.13335,1,2014/8/3 17:52:50
1,30.626592,104.13335,1,2014/8/3 17:53:20
1,30.626593,104.13335,1,2014/8/3 17:53:51
1,30.626593,104.13335,1,2014/8/3 17:54:21
1,30.626599,104.133357,1,2014/8/3 17:54:52
1,30.626599,104.133359,1,2014/8/3 17:55:23
1,30.6266,104.133357,1,2014/8/3 17:55:54
1,30.6266,104.133359,1,2014/8/3 17:56:24
1,30.626604,104.133359,1,2014/8/3 17:56:55
1,30.626604,104.133359,1,2014/8/3 17:57:26
1,30.626604,104.133359,1,2014/8/3 17:57:56
1,30.626605,104.133359,1,2014/8/3 17:58:27
1,30.626607,104.133359,1,2014/8/3 17:58:58
1,30.626607,104.133357,1,2014/8/3 17:59:28
1,30.626607,104.133357,1,2014/8/3 17:59:59
1,30.626608,104.133357,1,2014/8/3 18:00:30
1,30.62661,104.133359,1,2014/8/3 18:01:31
1,30.626612,104.133359,1,2014/8/3 18:02:32
1,30.626612,104.133359,1,2014/8/3 18:03:03
1,30.626614,104.133359,1,2014/8/3 18:03:33
1,30.626614,104.133359,1,2014/8/3 18:04:04
1,30.626614,104.133359,1,2014/8/3 18:04:34
1,30.626615,104.13336,1,2014/8/3 18:05:05
1,30.626615,104.13336,1,2014/8/3 18:05:35
1,30.626615,104.13336,1,2014/8/3 18:06:06
1,30.626615,104.133359,1,2014/8/3 18:06:36
1,30.626615,104.133359,1,2014/8/3 18:07:06
1,30.626615,104.133359,1,2014/8/3 18:07:37
1,30.626615,104.133359,1,2014/8/3 18:08:08
1,30.626615,104.133359,1,2014/8/3 18:08:38
1,30.626615,104.133357,1,2014/8/3 18:09:09
1,30.626615,104.133357,1,2014/8/3 18:09:39
1,30.626615,104.133355,1,2014/8/3 18:10:10
1,30.626615,104.133355,1,2014/8/3 18:10:41
1,30.626615,104.133354,1,2014/8/3 18:11:11
1,30.626615,104.133354,1,2014/8/3 18:11:42
1,30.626615,104.133354,1,2014/8/3 18:12:13
1,30.626614,104.133355,1,2014/8/3 18:12:43
1,30.626614,104.133355,1,2014/8/3 18:13:14
1,30.626612,104.133355,1,2014/8/3 18:13:45
1,30.626612,104.133355,1,2014/8/3 18:14:15
1,30.62661,104.133357,1,2014/8/3 18:14:46
1,30.626605,104.13336,1,2014/8/3 18:15:17
1,30.626604,104.133362,1,2014/8/3 18:15:47
1,30.626585,104.133364,1,2014/8/3 18:16:18
1,30.62658,104.133365,1,2014/8/3 18:16:49
1,30.626582,104.133365,1,2014/8/3 18:17:19
1,30.626582,104.133367,1,2014/8/3 18:17:50
1,30.62658,104.133367,1,2014/8/3 18:18:21
1,30.626582,104.133367,1,2014/8/3 18:18:51
1,30.626572,104.133365,1,2014/8/3 18:19:22
1,30.626572,104.133357,1,2014/8/3 18:19:53
1,30.626572,104.133357,1,2014/8/3 18:20:24
1,30.626574,104.133355,1,2014/8/3 18:20:54
1,30.626574,104.133355,1,2014/8/3 18:21:25
1,30.626575,104.133352,1,2014/8/3 18:21:56
1,30.626572,104.133357,1,2014/8/3 18:22:26
1,30.626572,104.133359,1,2014/8/3 18:22:57
1,30.62657,104.133359,1,2014/8/3 18:23:28
1,30.62657,104.13336,1,2014/8/3 18:23:58
1,30.626567,104.133367,1,2014/8/3 18:24:29
1,30.626567,104.133367,1,2014/8/3 18:25:00
1,30.626567,104.133369,1,2014/8/3 18:25:30
1,30.626567,104.133369,1,2014/8/3 18:26:01
1,30.626567,104.133369,1,2014/8/3 18:26:31
1,30.626567,104.133367,1,2014/8/3 18:27:02
1,30.626577,104.13336,1,2014/8/3 18:27:33
1,30.626578,104.133359,1,2014/8/3 18:28:03
1,30.626585,104.13336,1,2014/8/3 18:28:34
1,30.626585,104.133359,1,2014/8/3 18:29:05
1,30.626604,104.13337,1,2014/8/3 18:29:35
1,30.62662,104.133318,1,2014/8/3 18:30:06
1,30.626627,104.133307,1,2014/8/3 18:30:36
1,30.626644,104.133299,1,2014/8/3 18:31:07
1,30.626687,104.13329,1,2014/8/3 18:31:38
1,30.626668,104.133304,1,2014/8/3 18:32:09
1,30.626657,104.133335,1,2014/8/3 18:32:39
1,30.62667,104.133347,1,2014/8/3 18:33:10
1,30.626717,104.133309,1,2014/8/3 18:33:41
1,30.626719,104.13331,1,2014/8/3 18:34:11
1,30.62676,104.133285,1,2014/8/3 18:34:42
1,30.626725,104.133283,1,2014/8/3 18:35:12
1,30.626782,104.133312,1,2014/8/3 18:35:43
1,30.62664,104.133367,1,2014/8/3 18:36:14
1,30.626629,104.133322,1,2014/8/3 18:36:44
1,30.626653,104.13328,1,2014/8/3 18:37:15
1,30.626717,104.133348,1,2014/8/3 18:37:45
1,30.62668,104.13334,1,2014/8/3 18:38:16
1,30.626679,104.133339,1,2014/8/3 18:38:46
1,30.626645,104.133395,1,2014/8/3 18:39:17
1,30.626649,104.133384,1,2014/8/3 18:39:48
1,30.626627,104.133384,1,2014/8/3 18:40:19
1,30.626625,104.13339,1,2014/8/3 18:40:49
1,30.626659,104.13333,1,2014/8/3 18:41:20
1,30.626662,104.13336,1,2014/8/3 18:41:51
1,30.626632,104.133387,1,2014/8/3 18:42:21
1,30.626632,104.133387,1,2014/8/3 18:42:52
1,30.62664,104.13339,1,2014/8/3 18:43:23
1,30.62671,104.133427,1,2014/8/3 18:43:53
1,30.626882,104.133462,1,2014/8/3 18:44:24
1,30.626952,104.13348,1,2014/8/3 18:44:55
1,30.6269,104.133462,1,2014/8/3 18:45:25
1,30.62688,104.133455,1,2014/8/3 18:45:56
1,30.626862,104.133447,1,2014/8/3 18:46:26
1,30.626815,104.133429,1,2014/8/3 18:46:57
1,30.62678,104.133384,1,2014/8/3 18:47:28
1,30.6268,104.133337,1,2014/8/3 18:47:59
1,30.62676,104.13335,1,2014/8/3 18:48:29
1,30.626779,104.133322,1,2014/8/3 18:49:00
1,30.626672,104.133335,1,2014/8/3 18:49:30
1,30.626745,104.133337,1,2014/8/3 18:50:01
1,30.6266,104.133337,1,2014/8/3 18:50:31
1,30.62671,104.133322,1,2014/8/3 18:51:02
1,30.626742,104.133348,1,2014/8/3 18:51:33
1,30.626865,104.133364,1,2014/8/3 18:52:04
1,30.626775,104.13334,1,2014/8/3 18:52:34
1,30.626707,104.13333,1,2014/8/3 18:53:05
1,30.626719,104.133332,1,2014/8/3 18:53:36
1,30.62671,104.133324,1,2014/8/3 18:54:06
1,30.626659,104.133332,1,2014/8/3 18:54:37
1,30.626662,104.133329,1,2014/8/3 18:55:08
1,30.626662,104.133329,1,2014/8/3 18:55:38
1,30.626664,104.13333,1,2014/8/3 18:56:09
1,30.626695,104.133348,1,2014/8/3 18:56:39
1,30.626687,104.133355,1,2014/8/3 18:57:10
1,30.626707,104.133322,1,2014/8/3 18:57:41
1,30.62672,104.133347,1,2014/8/3 18:58:11
1,30.626679,104.133335,1,2014/8/3 18:58:42
1,30.626702,104.133325,1,2014/8/3 18:59:13
1,30.626687,104.133347,1,2014/8/3 18:59:43
1,30.626692,104.13335,1,2014/8/3 19:00:14
1,30.626715,104.133359,1,2014/8/3 19:00:45
1,30.62671,104.133355,1,2014/8/3 19:01:15
1,30.62671,104.133355,1,2014/8/3 19:01:46
1,30.626712,104.133359,1,2014/8/3 19:02:16
1,30.62671,104.133357,1,2014/8/3 19:02:47
1,30.626712,104.133357,1,2014/8/3 19:03:18
1,30.626735,104.133335,1,2014/8/3 19:03:49
1,30.626725,104.13334,1,2014/8/3 19:04:19
1,30.626725,104.13334,1,2014/8/3 19:04:50
1,30.626722,104.133348,1,2014/8/3 19:05:20
1,30.626679,104.133367,1,2014/8/3 19:05:51
1,30.626665,104.133364,1,2014/8/3 19:06:21
1,30.62667,104.133369,1,2014/8/3 19:06:52
1,30.62667,104.133369,1,2014/8/3 19:07:23
1,30.626635,104.133355,1,2014/8/3 19:07:53
1,30.626635,104.133369,1,2014/8/3 19:08:24
1,30.626635,104.133367,1,2014/8/3 19:08:55
1,30.626632,104.133377,1,2014/8/3 19:09:25
1,30.626634,104.133377,1,2014/8/3 19:09:56
1,30.626632,104.133378,1,2014/8/3 19:10:26
1,30.626623,104.133384,1,2014/8/3 19:10:57
1,30.626623,104.133384,1,2014/8/3 19:11:28
1,30.626619,104.133387,1,2014/8/3 19:11:58
1,30.62662,104.133387,1,2014/8/3 19:12:29
1,30.626612,104.13339,1,2014/8/3 19:13:00
1,30.626612,104.13339,1,2014/8/3 19:13:30
1,30.626614,104.13339,1,2014/8/3 19:14:01
1,30.626614,104.133389,1,2014/8/3 19:14:32
1,30.626614,104.133387,1,2014/8/3 19:15:03
1,30.626615,104.133387,1,2014/8/3 19:15:33
1,30.626615,104.133385,1,2014/8/3 19:16:04
1,30.626614,104.133364,1,2014/8/3 19:16:34
1,30.626595,104.133372,1,2014/8/3 19:17:05
1,30.626597,104.133373,1,2014/8/3 19:17:36
1,30.626602,104.13337,1,2014/8/3 19:18:06
1,30.626575,104.133372,1,2014/8/3 19:18:37
1,30.626548,104.13334,1,2014/8/3 19:19:08
1,30.626515,104.133325,1,2014/8/3 19:19:38
1,30.626554,104.133332,1,2014/8/3 19:20:09
1,30.626574,104.133345,1,2014/8/3 19:20:39
1,30.626599,104.13335,1,2014/8/3 19:21:10
1,30.626587,104.13336,1,2014/8/3 19:21:41
1,30.626607,104.133345,1,2014/8/3 19:22:11
1,30.62665,104.13336,1,2014/8/3 19:22:42
1,30.626655,104.133367,1,2014/8/3 19:23:13
1,30.626653,104.13334,1,2014/8/3 19:23:43
1,30.62661,104.133357,1,2014/8/3 19:24:14
1,30.626612,104.133362,1,2014/8/3 19:24:44
1,30.626632,104.133365,1,2014/8/3 19:25:15
1,30.62664,104.133364,1,2014/8/3 19:25:46
1,30.626644,104.133377,1,2014/8/3 19:26:16
1,30.626622,104.133367,1,2014/8/3 19:26:47
1,30.626532,104.133414,1,2014/8/3 19:27:18
1,30.626509,104.133372,1,2014/8/3 19:27:48
1,30.6265,104.133427,1,2014/8/3 19:28:19
1,30.626495,104.133427,1,2014/8/3 19:28:50
1,30.62649,104.133427,1,2014/8/3 19:29:21
1,30.626465,104.133417,1,2014/8/3 19:29:51
1,30.626465,104.133415,1,2014/8/3 19:30:22
1,30.626469,104.13342,1,2014/8/3 19:30:52
1,30.62647,104.133419,1,2014/8/3 19:31:23
1,30.626474,104.133419,1,2014/8/3 19:31:54
1,30.626472,104.13341,1,2014/8/3 19:32:25
1,30.626475,104.133407,1,2014/8/3 19:32:55
1,30.626475,104.133407,1,2014/8/3 19:33:26
1,30.626477,104.133407,1,2014/8/3 19:33:56
1,30.62648,104.133405,1,2014/8/3 19:34:27
1,30.62648,104.133405,1,2014/8/3 19:34:58
1,30.626482,104.133405,1,2014/8/3 19:35:29
1,30.626484,104.133404,1,2014/8/3 19:35:59
1,30.626487,104.133402,1,2014/8/3 19:36:30
1,30.626539,104.133382,1,2014/8/3 19:37:01
1,30.626542,104.133377,1,2014/8/3 19:37:31
1,30.626544,104.133369,1,2014/8/3 19:38:02
1,30.626544,104.133369,1,2014/8/3 19:38:33
1,30.626544,104.133369,1,2014/8/3 19:39:03
1,30.626544,104.13337,1,2014/8/3 19:39:34
1,30.626545,104.13337,1,2014/8/3 19:40:05
1,30.626544,104.13337,1,2014/8/3 19:40:35
1,30.6267,104.132928,1,2014/8/3 19:41:06
1,30.626668,104.132894,1,2014/8/3 19:41:36
1,30.626662,104.132915,1,2014/8/3 19:42:07
1,30.626679,104.132914,1,2014/8/3 19:42:38
1,30.626687,104.132877,1,2014/8/3 19:43:08
1,30.626615,104.132857,1,2014/8/3 19:43:39
1,30.626667,104.13286,1,2014/8/3 19:44:10
1,30.626668,104.132864,1,2014/8/3 19:44:40
1,30.626704,104.132825,1,2014/8/3 19:45:11
1,30.626677,104.132889,1,2014/8/3 19:45:41
1,30.626625,104.132934,1,2014/8/3 19:46:12
1,30.626615,104.132932,1,2014/8/3 19:46:43
1,30.626615,104.132937,1,2014/8/3 19:47:14
1,30.626615,104.13294,1,2014/8/3 19:47:44
1,30.626615,104.132944,1,2014/8/3 19:48:15
1,30.626617,104.132947,1,2014/8/3 19:48:46
1,30.626617,104.132949,1,2014/8/3 19:49:16
1,30.626615,104.132952,1,2014/8/3 19:49:47
1,30.626608,104.132975,1,2014/8/3 19:50:18
1,30.626593,104.133013,1,2014/8/3 19:50:48
1,30.626585,104.133037,1,2014/8/3 19:51:19
1,30.626584,104.133044,1,2014/8/3 19:51:50
1,30.626593,104.133094,1,2014/8/3 19:52:20
1,30.62659,104.133103,1,2014/8/3 19:52:51
1,30.626589,104.133107,1,2014/8/3 19:53:21
1,30.626589,104.133108,1,2014/8/3 19:53:52
1,30.6266,104.133099,1,2014/8/3 19:54:23
1,30.6266,104.1331,1,2014/8/3 19:54:54
1,30.626537,104.133112,1,2014/8/3 19:55:24
1,30.626523,104.133144,1,2014/8/3 19:55:55
1,30.62657,104.133057,1,2014/8/3 19:56:26
1,30.626572,104.133055,1,2014/8/3 19:56:56
1,30.626572,104.13306,1,2014/8/3 19:57:27
1,30.626572,104.13306,1,2014/8/3 19:57:57
1,30.626574,104.133065,1,2014/8/3 19:58:28
1,30.626575,104.133069,1,2014/8/3 19:58:59
1,30.626574,104.13307,1,2014/8/3 19:59:29
1,30.626574,104.133078,1,2014/8/3 20:00:00
1,30.626554,104.133103,1,2014/8/3 20:00:31
1,30.626552,104.133134,1,2014/8/3 20:01:01
1,30.626569,104.133099,1,2014/8/3 20:01:31
1,30.626592,104.133129,1,2014/8/3 20:02:02
1,30.626604,104.133142,1,2014/8/3 20:02:33
1,30.626614,104.133048,1,2014/8/3 20:03:03
1,30.62662,104.133037,1,2014/8/3 20:03:34
1,30.626617,104.133065,1,2014/8/3 20:04:04
1,30.626615,104.133092,1,2014/8/3 20:04:35
1,30.626615,104.13309,1,2014/8/3 20:05:06
1,30.626617,104.133103,1,2014/8/3 20:05:36
1,30.626617,104.133087,1,2014/8/3 20:06:06
1,30.626607,104.133029,1,2014/8/3 20:06:37
1,30.626619,104.133077,1,2014/8/3 20:07:08
1,30.626635,104.133129,1,2014/8/3 20:07:39
1,30.626637,104.133084,1,2014/8/3 20:08:09
1,30.626638,104.133059,1,2014/8/3 20:08:40
1,30.626625,104.13306,1,2014/8/3 20:09:11
1,30.626625,104.133059,1,2014/8/3 20:09:41
1,30.626627,104.133055,1,2014/8/3 20:10:11
1,30.626619,104.13299,1,2014/8/3 20:10:42
1,30.62664,104.13295,1,2014/8/3 20:11:12
1,30.626649,104.13294,1,2014/8/3 20:11:43
1,30.626668,104.132937,1,2014/8/3 20:12:13
1,30.626683,104.132912,1,2014/8/3 20:12:44
1,30.62666,104.13292,1,2014/8/3 20:13:15
1,30.626667,104.13289,1,2014/8/3 20:13:45
1,30.626687,104.1331,1,2014/8/3 20:14:16
1,30.626685,104.133072,1,2014/8/3 20:14:46
1,30.626685,104.133069,1,2014/8/3 20:15:17
1,30.626685,104.133032,1,2014/8/3 20:15:47
1,30.626685,104.13301,1,2014/8/3 20:16:18
1,30.6267,104.132957,1,2014/8/3 20:16:48
1,30.626694,104.132808,1,2014/8/3 20:17:19
1,30.626732,104.132884,1,2014/8/3 20:17:49
1,30.626659,104.133085,1,2014/8/3 20:18:20
1,30.62665,104.133037,1,2014/8/3 20:18:51
1,30.62665,104.133039,1,2014/8/3 20:19:21
1,30.626649,104.133029,1,2014/8/3 20:19:51
1,30.626655,104.132992,1,2014/8/3 20:20:22
1,30.626655,104.132992,1,2014/8/3 20:20:53
1,30.626665,104.132985,1,2014/8/3 20:21:23
1,30.626683,104.132987,1,2014/8/3 20:21:54
1,30.626682,104.132987,1,2014/8/3 20:22:24
1,30.626697,104.132958,1,2014/8/3 20:22:55
1,30.626653,104.133007,1,2014/8/3 20:23:25
1,30.626657,104.133015,1,2014/8/3 20:23:56
1,30.62666,104.133005,1,2014/8/3 20:24:27
1,30.626662,104.133002,1,2014/8/3 20:24:58
1,30.62666,104.133002,1,2014/8/3 20:25:28
1,30.626679,104.132987,1,2014/8/3 20:25:59
1,30.626662,104.132979,1,2014/8/3 20:26:30
1,30.626655,104.132972,1,2014/8/3 20:27:00
1,30.626659,104.132957,1,2014/8/3 20:27:31
1,30.62666,104.13295,1,2014/8/3 20:28:01
1,30.62666,104.13295,1,2014/8/3 20:28:32
1,30.62666,104.132949,1,2014/8/3 20:29:03
1,30.626677,104.133029,1,2014/8/3 20:29:33
1,30.62667,104.133,1,2014/8/3 20:30:04
1,30.626668,104.133005,1,2014/8/3 20:30:34
1,30.62667,104.133002,1,2014/8/3 20:31:05
1,30.62667,104.133002,1,2014/8/3 20:31:35
1,30.62667,104.133004,1,2014/8/3 20:32:06
1,30.626668,104.133005,1,2014/8/3 20:32:36
1,30.626672,104.133002,1,2014/8/3 20:33:07
1,30.626702,104.132975,1,2014/8/3 20:33:38
1,30.626735,104.132984,1,2014/8/3 20:34:08
1,30.626727,104.132985,1,2014/8/3 20:34:39
1,30.626722,104.132995,1,2014/8/3 20:35:09
1,30.62672,104.132995,1,2014/8/3 20:35:40
1,30.626695,104.132982,1,2014/8/3 20:36:11
1,30.626687,104.132987,1,2014/8/3 20:36:41
1,30.626683,104.13299,1,2014/8/3 20:37:12
1,30.626668,104.133,1,2014/8/3 20:37:43
1,30.626667,104.133,1,2014/8/3 20:38:13
1,30.626665,104.132995,1,2014/8/3 20:38:44
1,30.626664,104.132992,1,2014/8/3 20:39:14
1,30.62666,104.132992,1,2014/8/3 20:39:45
1,30.626657,104.132977,1,2014/8/3 20:40:16
1,30.626655,104.132974,1,2014/8/3 20:40:46
1,30.626655,104.13297,1,2014/8/3 20:41:17
1,30.626655,104.132964,1,2014/8/3 20:41:48
1,30.626645,104.132914,1,2014/8/3 20:42:18
1,30.626665,104.132824,1,2014/8/3 20:42:49
1,30.626682,104.132754,1,2014/8/3 20:43:20
1,30.62669,104.132747,1,2014/8/3 20:43:50
1,30.6267,104.13272,1,2014/8/3 20:44:21
1,30.626697,104.132725,1,2014/8/3 20:44:52
1,30.626695,104.132729,1,2014/8/3 20:45:23
1,30.626692,104.132734,1,2014/8/3 20:45:53
1,30.62669,104.132737,1,2014/8/3 20:46:24
1,30.626687,104.132743,1,2014/8/3 20:46:54
1,30.626682,104.132748,1,2014/8/3 20:47:25
1,30.626679,104.132754,1,2014/8/3 20:47:56
1,30.626679,104.132755,1,2014/8/3 20:48:26
1,30.626677,104.13276,1,2014/8/3 20:48:57
1,30.626675,104.132762,1,2014/8/3 20:49:28
1,30.626674,104.132764,1,2014/8/3 20:49:58
1,30.626683,104.132767,1,2014/8/3 20:50:29
1,30.626679,104.132775,1,2014/8/3 20:51:00
1,30.626675,104.132778,1,2014/8/3 20:51:30
1,30.626683,104.132765,1,2014/8/3 20:52:01
1,30.626702,104.132747,1,2014/8/3 20:52:31
1,30.626692,104.132754,1,2014/8/3 20:53:02
1,30.62669,104.132757,1,2014/8/3 20:53:33
1,30.62669,104.132759,1,2014/8/3 20:54:03
1,30.626689,104.132762,1,2014/8/3 20:54:34
1,30.626683,104.132764,0,2014/8/3 20:55:05
1,30.626605,104.13275,1,2014/8/3 20:55:12
1,30.626404,104.133034,1,2014/8/3 20:55:17
1,30.625305,104.135667,1,2014/8/3 20:55:48
1,30.624866,104.136529,1,2014/8/3 20:56:19
1,30.624866,104.136532,1,2014/8/3 20:56:49
1,30.624866,104.136532,1,2014/8/3 20:57:20
1,30.624863,104.136527,1,2014/8/3 20:57:50
1,30.624853,104.136561,1,2014/8/3 20:58:21
1,30.624853,104.136559,1,2014/8/3 20:58:51
1,30.62488,104.136585,1,2014/8/3 20:59:22
1,30.624881,104.136574,1,2014/8/3 20:59:52
1,30.62488,104.136574,1,2014/8/3 21:00:23
1,30.624883,104.136572,1,2014/8/3 21:00:53
1,30.624883,104.136571,1,2014/8/3 21:01:24
1,30.62488,104.136566,1,2014/8/3 21:01:54
1,30.624878,104.136564,1,2014/8/3 21:02:25
1,30.62488,104.136564,1,2014/8/3 21:02:55
1,30.624876,104.136566,1,2014/8/3 21:03:26
1,30.624876,104.136566,1,2014/8/3 21:03:56
1,30.624873,104.136562,1,2014/8/3 21:04:27
1,30.624871,104.136561,1,2014/8/3 21:04:58
1,30.624866,104.136556,1,2014/8/3 21:05:29
1,30.624863,104.136554,1,2014/8/3 21:05:59
1,30.624861,104.13655,1,2014/8/3 21:06:30
1,30.624856,104.136552,1,2014/8/3 21:07:00
1,30.624854,104.136554,1,2014/8/3 21:07:31
1,30.624854,104.136557,1,2014/8/3 21:08:02
1,30.624854,104.136554,1,2014/8/3 21:08:32
1,30.624848,104.136546,1,2014/8/3 21:09:03
1,30.624848,104.136547,1,2014/8/3 21:09:34
1,30.624848,104.136547,1,2014/8/3 21:10:04
1,30.62485,104.136547,1,2014/8/3 21:10:35
1,30.62485,104.136546,1,2014/8/3 21:11:06
1,30.624851,104.13655,1,2014/8/3 21:11:36
1,30.624851,104.136547,1,2014/8/3 21:12:07
1,30.624851,104.136546,1,2014/8/3 21:12:38
1,30.624851,104.136546,1,2014/8/3 21:13:09
1,30.62485,104.136546,1,2014/8/3 21:13:39
1,30.624851,104.136546,1,2014/8/3 21:14:10
1,30.624858,104.136544,1,2014/8/3 21:14:41
1,30.624823,104.136582,1,2014/8/3 21:15:11
1,30.624818,104.136621,1,2014/8/3 21:15:42
1,30.62482,104.136644,1,2014/8/3 21:16:13
1,30.62482,104.136631,1,2014/8/3 21:16:43
1,30.624815,104.136639,1,2014/8/3 21:17:14
1,30.624811,104.136619,1,2014/8/3 21:17:44
1,30.624809,104.136612,1,2014/8/3 21:18:15
1,30.624806,104.136604,1,2014/8/3 21:18:46
1,30.624811,104.136596,1,2014/8/3 21:19:16
1,30.624813,104.136589,1,2014/8/3 21:19:46
1,30.624811,104.136587,1,2014/8/3 21:20:17
1,30.624815,104.136587,1,2014/8/3 21:20:48
1,30.624815,104.136585,1,2014/8/3 21:21:18
1,30.624816,104.136577,1,2014/8/3 21:21:49
1,30.624816,104.136574,1,2014/8/3 21:22:19
1,30.624816,104.136569,1,2014/8/3 21:22:50
1,30.624818,104.136564,1,2014/8/3 21:23:20
1,30.624826,104.136556,1,2014/8/3 21:23:51
1,30.624828,104.136556,1,2014/8/3 21:24:21
1,30.624828,104.136552,1,2014/8/3 21:24:51
1,30.624836,104.136552,1,2014/8/3 21:25:22
1,30.624836,104.136554,1,2014/8/3 21:25:53
1,30.624836,104.13655,1,2014/8/3 21:26:23
1,30.624838,104.13655,1,2014/8/3 21:26:54
1,30.624838,104.13655,1,2014/8/3 21:27:25
1,30.62484,104.136549,1,2014/8/3 21:27:56
1,30.624841,104.136544,1,2014/8/3 21:28:26
1,30.624845,104.136542,1,2014/8/3 21:28:57
1,30.624846,104.136542,1,2014/8/3 21:29:28
1,30.62485,104.136542,1,2014/8/3 21:29:58
1,30.624851,104.136542,1,2014/8/3 21:30:29
1,30.624853,104.136542,1,2014/8/3 21:30:59
1,30.624856,104.136542,1,2014/8/3 21:31:30
1,30.624861,104.136546,1,2014/8/3 21:32:01
1,30.624861,104.13655,1,2014/8/3 21:32:31
1,30.624861,104.13655,1,2014/8/3 21:33:01
1,30.624863,104.136549,1,2014/8/3 21:33:32
1,30.624863,104.136547,1,2014/8/3 21:34:03
1,30.624868,104.136544,1,2014/8/3 21:34:33
1,30.624866,104.136542,1,2014/8/3 21:35:04
1,30.624875,104.136562,1,2014/8/3 21:35:35
1,30.624873,104.136562,1,2014/8/3 21:36:05
1,30.624871,104.136561,1,2014/8/3 21:36:36
1,30.624871,104.136561,1,2014/8/3 21:37:06
1,30.624871,104.136561,1,2014/8/3 21:37:37
1,30.62487,104.136561,1,2014/8/3 21:38:08
1,30.624871,104.136562,1,2014/8/3 21:38:38
1,30.624875,104.136567,1,2014/8/3 21:39:09
1,30.624876,104.136571,1,2014/8/3 21:39:39
1,30.624878,104.136577,1,2014/8/3 21:40:10
1,30.62488,104.136577,1,2014/8/3 21:40:40
1,30.62488,104.136577,1,2014/8/3 21:41:11
1,30.624883,104.136576,1,2014/8/3 21:41:41
1,30.624883,104.136576,1,2014/8/3 21:42:12
1,30.624885,104.136576,1,2014/8/3 21:42:43
1,30.624881,104.136574,1,2014/8/3 21:43:14
1,30.624883,104.136571,1,2014/8/3 21:43:44
1,30.624883,104.136566,1,2014/8/3 21:44:15
1,30.624881,104.136564,1,2014/8/3 21:44:46
1,30.62488,104.136561,1,2014/8/3 21:45:16
1,30.624853,104.136566,1,2014/8/3 21:45:47
1,30.624853,104.136564,1,2014/8/3 21:46:17
1,30.624853,104.136559,1,2014/8/3 21:46:48
1,30.624854,104.136557,1,2014/8/3 21:47:19
1,30.624835,104.137459,1,2014/8/3 21:47:49
1,30.625018,104.137287,1,2014/8/3 21:47:51
1,30.625068,104.137207,1,2014/8/3 21:47:52
1,30.626482,104.135027,1,2014/8/3 21:48:18
1,30.626578,104.135044,1,2014/8/3 21:48:19
1,30.629827,104.136573,1,2014/8/3 21:48:50
1,30.631067,104.137193,1,2014/8/3 21:49:20
1,30.63106,104.137198,1,2014/8/3 21:49:51
1,30.633194,104.138288,1,2014/8/3 21:50:22
1,30.636367,104.139459,1,2014/8/3 21:50:53
1,30.636611,104.139452,1,2014/8/3 21:50:56
1,30.637012,104.139021,1,2014/8/3 21:51:05
1,30.637047,104.13567,1,2014/8/3 21:51:35
1,30.637052,104.133016,1,2014/8/3 21:51:56
1,30.637097,104.132318,1,2014/8/3 21:52:09
1,30.63736,104.131982,1,2014/8/3 21:52:40
1,30.63735,104.131925,1,2014/8/3 21:52:42
1,30.637243,104.132028,1,2014/8/3 21:53:13
1,30.637247,104.132025,1,2014/8/3 21:53:43
1,30.637252,104.132018,1,2014/8/3 21:54:14
1,30.637257,104.132013,1,2014/8/3 21:54:44
1,30.637262,104.13201,1,2014/8/3 21:55:15
1,30.637264,104.132007,1,2014/8/3 21:55:46
1,30.637265,104.13201,1,2014/8/3 21:56:16
1,30.637265,104.13201,1,2014/8/3 21:56:47
1,30.637265,104.132012,1,2014/8/3 21:57:18
1,30.637269,104.132012,1,2014/8/3 21:57:48
1,30.63727,104.132007,1,2014/8/3 21:58:19
1,30.637274,104.132005,1,2014/8/3 21:58:50
1,30.637277,104.132003,1,2014/8/3 21:59:20
1,30.637279,104.132002,1,2014/8/3 21:59:51
1,30.637277,104.132005,1,2014/8/3 22:00:22
1,30.637279,104.132005,1,2014/8/3 22:00:53
1,30.63728,104.132018,1,2014/8/3 22:01:23
1,30.637279,104.132075,1,2014/8/3 22:01:34
1,30.637245,104.132227,1,2014/8/3 22:01:41
1,30.637157,104.132282,1,2014/8/3 22:01:45
1,30.63694,104.132163,1,2014/8/3 22:01:53
1,30.636643,104.129043,1,2014/8/3 22:02:23
1,30.636533,104.128108,1,2014/8/3 22:02:54
1,30.636358,104.127331,1,2014/8/3 22:03:25
1,30.636355,104.126314,1,2014/8/3 22:03:33
1,30.638218,104.121201,1,2014/8/3 22:04:04
1,30.640472,104.116505,1,2014/8/3 22:04:34
1,30.641986,104.113719,1,2014/8/3 22:05:05
1,30.642939,104.111969,1,2014/8/3 22:05:25
1,30.644438,104.111191,1,2014/8/3 22:05:43
1,30.648384,104.113273,1,2014/8/3 22:06:13
1,30.652277,104.115072,1,2014/8/3 22:06:44
1,30.652947,104.115462,1,2014/8/3 22:06:54
1,30.654765,104.118647,1,2014/8/3 22:07:25
1,30.655777,104.121025,1,2014/8/3 22:07:55
1,30.656096,104.121794,1,2014/8/3 22:08:26
1,30.656762,104.123357,1,2014/8/3 22:08:57
1,30.65682,104.123322,1,2014/8/3 22:09:01
1,30.656792,104.123195,1,2014/8/3 22:09:03
1,30.655129,104.119273,1,2014/8/3 22:09:34
1,30.654347,104.117594,1,2014/8/3 22:10:04
1,30.654302,104.117461,1,2014/8/3 22:10:35
1,30.653904,104.116634,1,2014/8/3 22:11:06
1,30.653894,104.116645,1,2014/8/3 22:11:36
1,30.653894,104.116647,1,2014/8/3 22:12:07
1,30.653892,104.116651,1,2014/8/3 22:12:37
1,30.653107,104.115579,1,2014/8/3 22:13:08
1,30.653165,104.115249,1,2014/8/3 22:13:20
1,30.653623,104.115257,1,2014/8/3 22:13:25
1,30.655698,104.115238,1,2014/8/3 22:13:49
1,30.655894,104.115216,1,2014/8/3 22:13:51
1,30.655989,104.115209,1,2014/8/3 22:13:52
1,30.656181,104.115201,1,2014/8/3 22:13:54
1,30.656383,104.115188,1,2014/8/3 22:13:56
1,30.658025,104.115077,1,2014/8/3 22:14:09
1,30.658479,104.115074,1,2014/8/3 22:14:12
1,30.663276,104.113413,1,2014/8/3 22:14:43
1,30.668029,104.111512,1,2014/8/3 22:15:13
1,30.67308,104.109501,1,2014/8/3 22:15:44
1,30.677688,104.107262,1,2014/8/3 22:16:15
1,30.682049,104.104813,1,2014/8/3 22:16:45
1,30.685523,104.102611,1,2014/8/3 22:17:08
1,30.688296,104.09715,1,2014/8/3 22:17:38
1,30.690883,104.091949,1,2014/8/3 22:18:09
1,30.692672,104.088224,1,2014/8/3 22:18:39
1,30.694595,104.083187,1,2014/8/3 22:19:10
1,30.694675,104.078127,1,2014/8/3 22:19:40
1,30.694712,104.07205,1,2014/8/3 22:20:11
1,30.694752,104.066392,1,2014/8/3 22:20:41
1,30.694839,104.061378,1,2014/8/3 22:21:12
1,30.694817,104.058145,1,2014/8/3 22:21:42
1,30.694825,104.058089,1,2014/8/3 22:22:13
1,30.6948,104.057919,1,2014/8/3 22:22:44
1,30.694574,104.05811,1,2014/8/3 22:22:49
1,30.694464,104.058517,1,2014/8/3 22:22:53
1,30.694169,104.059037,1,2014/8/3 22:23:03
1,30.694139,104.058835,1,2014/8/3 22:23:08
1,30.69425,104.05869,1,2014/8/3 22:23:38
1,30.694299,104.057662,1,2014/8/3 22:24:09
1,30.694272,104.057655,1,2014/8/3 22:24:39
1,30.694274,104.057639,1,2014/8/3 22:25:10
1,30.694265,104.057622,1,2014/8/3 22:25:41
1,30.694292,104.057614,1,2014/8/3 22:26:11
1,30.694177,104.057547,1,2014/8/3 22:26:30
1,30.693627,104.057309,1,2014/8/3 22:27:00
1,30.693233,104.057321,1,2014/8/3 22:27:31
1,30.693185,104.057348,1,2014/8/3 22:28:02
1,30.693228,104.057349,1,2014/8/3 22:28:35
1,30.693185,104.057388,1,2014/8/3 22:29:05
1,30.693128,104.057531,1,2014/8/3 22:29:36
1,30.693145,104.05755,1,2014/8/3 22:30:06
1,30.6932,104.057496,1,2014/8/3 22:30:37
1,30.693197,104.057508,1,2014/8/3 22:31:08
1,30.693172,104.057438,0,2014/8/3 22:31:39
1,30.693182,104.057463,0,2014/8/3 22:32:09
1,30.693161,104.057496,0,2014/8/3 22:32:40
1,30.692118,104.057351,1,2014/8/3 22:33:11
1,30.691315,104.057346,1,2014/8/3 22:33:23
1,30.691358,104.057463,1,2014/8/3 22:33:26
1,30.691528,104.05758,1,2014/8/3 22:33:30
1,30.693052,104.058415,1,2014/8/3 22:34:00
1,30.694462,104.059467,1,2014/8/3 22:34:31
1,30.694403,104.059703,1,2014/8/3 22:34:34
1,30.694298,104.060091,1,2014/8/3 22:34:46
1,30.694234,104.060067,1,2014/8/3 22:34:49
1,30.692931,104.059618,1,2014/8/3 22:35:20
1,30.693002,104.05958,1,2014/8/3 22:35:50
1,30.692973,104.059602,1,2014/8/3 22:36:21
1,30.692916,104.059616,1,2014/8/3 22:36:51
1,30.692938,104.05961,1,2014/8/3 22:37:22
1,30.692948,104.059591,1,2014/8/3 22:37:53
1,30.693028,104.059535,1,2014/8/3 22:38:23
1,30.693055,104.059506,1,2014/8/3 22:38:54
1,30.693043,104.059556,1,2014/8/3 22:39:25
1,30.693064,104.059528,1,2014/8/3 22:39:55
1,30.693045,104.059504,1,2014/8/3 22:40:26
1,30.693048,104.059504,1,2014/8/3 22:40:56
1,30.693047,104.059525,1,2014/8/3 22:41:27
1,30.693041,104.059528,1,2014/8/3 22:41:58
1,30.693016,104.059535,1,2014/8/3 22:42:29
1,30.693013,104.059561,1,2014/8/3 22:42:59
1,30.693009,104.059556,1,2014/8/3 22:43:30
1,30.69305,104.059478,1,2014/8/3 22:44:00
1,30.693055,104.059465,1,2014/8/3 22:44:31
1,30.693063,104.059481,1,2014/8/3 22:45:02
1,30.693073,104.059465,1,2014/8/3 22:45:33
1,30.693065,104.05947,1,2014/8/3 22:46:03
1,30.693067,104.05947,1,2014/8/3 22:46:34
1,30.693057,104.059475,1,2014/8/3 22:47:04
1,30.69306,104.059473,1,2014/8/3 22:47:35
1,30.693062,104.059495,1,2014/8/3 22:48:06
1,30.693131,104.059463,1,2014/8/3 22:48:39
1,30.693152,104.059451,1,2014/8/3 22:49:10
1,30.693173,104.059436,1,2014/8/3 22:49:41
1,30.693155,104.059396,1,2014/8/3 22:50:11
1,30.693137,104.059376,1,2014/8/3 22:50:42
1,30.693135,104.059358,1,2014/8/3 22:51:13
1,30.693175,104.05935,1,2014/8/3 22:51:43
1,30.69314,104.059345,1,2014/8/3 22:52:14
1,30.693161,104.059341,1,2014/8/3 22:52:45
1,30.693158,104.059345,1,2014/8/3 22:53:15
1,30.693163,104.059345,1,2014/8/3 22:53:46
1,30.693142,104.05935,1,2014/8/3 22:54:16
1,30.693133,104.059348,1,2014/8/3 22:54:47
1,30.693223,104.059323,1,2014/8/3 22:55:18
1,30.693283,104.059274,1,2014/8/3 22:55:48
1,30.69326,104.059311,1,2014/8/3 22:56:19
1,30.693237,104.05929,1,2014/8/3 22:56:50
1,30.693203,104.05929,1,2014/8/3 22:57:20
1,30.69317,104.059341,1,2014/8/3 22:57:51
1,30.693248,104.059295,1,2014/8/3 22:58:22
1,30.693272,104.059281,1,2014/8/3 22:58:52
1,30.693202,104.059336,1,2014/8/3 22:59:23
1,30.693183,104.059363,1,2014/8/3 22:59:54
1,30.693133,104.059405,1,2014/8/3 23:00:25
1,30.693093,104.059438,1,2014/8/3 23:00:55
1,30.693045,104.059496,1,2014/8/3 23:01:26
1,30.693026,104.059496,1,2014/8/3 23:01:56
1,30.693013,104.059537,1,2014/8/3 23:02:27
1,30.692968,104.059543,1,2014/8/3 23:02:58
1,30.692948,104.059537,1,2014/8/3 23:03:28
1,30.692949,104.059542,1,2014/8/3 23:03:59
1,30.692951,104.059543,1,2014/8/3 23:04:30
1,30.692953,104.059542,1,2014/8/3 23:05:00
1,30.692954,104.059547,1,2014/8/3 23:05:31
1,30.693023,104.059496,1,2014/8/3 23:06:01
1,30.693024,104.059528,1,2014/8/3 23:06:32
1,30.693025,104.0595,1,2014/8/3 23:07:03
1,30.693045,104.059473,1,2014/8/3 23:07:33
1,30.693055,104.05944,1,2014/8/3 23:08:04
1,30.693055,104.059441,1,2014/8/3 23:08:35
1,30.693055,104.059441,1,2014/8/3 23:09:05
1,30.693067,104.059475,0,2014/8/3 23:09:36
1,30.691794,104.059651,1,2014/8/3 23:10:06
1,30.690385,104.059041,1,2014/8/3 23:10:37
1,30.690316,104.057143,1,2014/8/3 23:11:08
1,30.69013,104.057121,1,2014/8/3 23:11:11
1,30.68969,104.056963,1,2014/8/3 23:11:41
1,30.689695,104.056979,1,2014/8/3 23:12:12
1,30.689688,104.056994,1,2014/8/3 23:12:43
1,30.689658,104.056996,1,2014/8/3 23:13:13
1,30.689653,104.056998,1,2014/8/3 23:13:44
1,30.689655,104.057003,1,2014/8/3 23:14:14
1,30.689656,104.057003,1,2014/8/3 23:14:45
1,30.689658,104.057006,1,2014/8/3 23:15:16
1,30.68966,104.057008,1,2014/8/3 23:15:46
1,30.68962,104.057064,1,2014/8/3 23:16:17
1,30.689641,104.057068,1,2014/8/3 23:16:48
1,30.689638,104.057083,1,2014/8/3 23:17:18
1,30.689628,104.057096,1,2014/8/3 23:17:49
1,30.689613,104.057113,1,2014/8/3 23:18:20
1,30.689613,104.057113,1,2014/8/3 23:18:50
1,30.689617,104.057146,1,2014/8/3 23:19:21
1,30.689667,104.057174,1,2014/8/3 23:19:51
1,30.689667,104.057173,1,2014/8/3 23:20:22
1,30.689665,104.057166,1,2014/8/3 23:20:53
1,30.689667,104.057153,1,2014/8/3 23:21:24
1,30.689663,104.057063,1,2014/8/3 23:21:54
1,30.689647,104.057069,1,2014/8/3 23:22:25
1,30.689655,104.057059,1,2014/8/3 23:22:56
1,30.689641,104.057081,1,2014/8/3 23:23:26
1,30.68964,104.057079,1,2014/8/3 23:23:57
1,30.689613,104.057081,1,2014/8/3 23:24:28
1,30.689602,104.057061,1,2014/8/3 23:24:58
1,30.689598,104.057088,1,2014/8/3 23:25:06
1,30.689731,104.057149,1,2014/8/3 23:25:09
1,30.690668,104.057281,1,2014/8/3 23:25:21
1,30.691073,104.057385,1,2014/8/3 23:25:52
1,30.691073,104.057385,1,2014/8/3 23:26:23
1,30.691075,104.057391,1,2014/8/3 23:26:53
1,30.691073,104.057393,1,2014/8/3 23:27:24
1,30.69107,104.057396,1,2014/8/3 23:27:55
1,30.69107,104.0574,1,2014/8/3 23:28:25
1,30.691072,104.057398,1,2014/8/3 23:28:56
1,30.691073,104.057396,1,2014/8/3 23:29:26
1,30.691075,104.057393,1,2014/8/3 23:29:57
1,30.691075,104.057391,1,2014/8/3 23:30:28
1,30.69108,104.057386,1,2014/8/3 23:30:58
1,30.691085,104.057383,1,2014/8/3 23:31:29
1,30.691083,104.057383,1,2014/8/3 23:31:59
1,30.691085,104.057385,1,2014/8/3 23:32:30
1,30.69108,104.05739,1,2014/8/3 23:33:01
1,30.690998,104.057433,1,2014/8/3 23:33:31
1,30.690998,104.05743,1,2014/8/3 23:34:02
1,30.691,104.057428,1,2014/8/3 23:34:33
1,30.691002,104.057428,1,2014/8/3 23:35:03
1,30.691003,104.057425,1,2014/8/3 23:35:34
1,30.691006,104.057423,1,2014/8/3 23:36:04
1,30.691008,104.05742,1,2014/8/3 23:36:35
1,30.69101,104.057416,1,2014/8/3 23:37:06
1,30.691012,104.057415,1,2014/8/3 23:37:36
1,30.691015,104.057411,1,2014/8/3 23:38:07
1,30.691018,104.057409,1,2014/8/3 23:38:38
1,30.69102,104.057406,1,2014/8/3 23:39:08
1,30.691025,104.057403,1,2014/8/3 23:39:39
1,30.691028,104.0574,1,2014/8/3 23:40:10
1,30.691093,104.057409,1,2014/8/3 23:40:41
1,30.691092,104.057415,1,2014/8/3 23:41:11
1,30.691092,104.057415,1,2014/8/3 23:41:42
1,30.691083,104.057371,1,2014/8/3 23:42:12
1,30.691078,104.057373,1,2014/8/3 23:42:43
1,30.69107,104.057363,1,2014/8/3 23:43:14
1,30.69107,104.057361,1,2014/8/3 23:43:44
1,30.691072,104.05736,1,2014/8/3 23:44:15
1,30.69107,104.057358,1,2014/8/3 23:44:46
1,30.691068,104.057351,1,2014/8/3 23:45:16
1,30.691058,104.057346,1,2014/8/3 23:45:47
1,30.691058,104.057343,1,2014/8/3 23:46:17
1,30.691036,104.057283,1,2014/8/3 23:46:48
1,30.69104,104.05728,1,2014/8/3 23:47:18
1,30.69104,104.057278,1,2014/8/3 23:47:49
1,30.691043,104.05727,1,2014/8/3 23:48:20
1,30.691052,104.057218,1,2014/8/3 23:48:53
1,30.691038,104.057186,1,2014/8/3 23:49:24
1,30.691021,104.057171,1,2014/8/3 23:49:54
1,30.691012,104.05715,1,2014/8/3 23:50:25
1,30.691012,104.057138,1,2014/8/3 23:50:55
1,30.691025,104.057155,1,2014/8/3 23:51:26
1,30.691032,104.057161,1,2014/8/3 23:51:56
1,30.691033,104.05716,1,2014/8/3 23:52:27
1,30.691006,104.057163,1,2014/8/3 23:52:58
1,30.691002,104.057169,1,2014/8/3 23:53:28
1,30.690993,104.057173,1,2014/8/3 23:53:59
1,30.690987,104.05718,1,2014/8/3 23:54:29
1,30.690988,104.05718,1,2014/8/3 23:55:00
1,30.690983,104.057181,1,2014/8/3 23:55:30
1,30.69097,104.057211,1,2014/8/3 23:56:01
1,30.690973,104.057235,1,2014/8/3 23:56:31
1,30.690975,104.057236,1,2014/8/3 23:57:02
1,30.690975,104.057235,1,2014/8/3 23:57:32
1,30.690976,104.057235,1,2014/8/3 23:58:03
1,30.690978,104.057236,1,2014/8/3 23:58:33
1,30.690978,104.057238,1,2014/8/3 23:59:04
1,30.69098,104.057238,1,2014/8/3 23:59:34
